title,total_sales,genre,name,meta_score
.hack//g.u. last recode,0.24,Role-Playing,.hack//g.u. last recode,72.5
.hack//infection part 1,1.27,Role-Playing,.hack//infection part 1,75.0
.hack//mutation part 2,0.68,Role-Playing,.hack//mutation part 2,76.0
.hack//outbreak part 3,0.46,Role-Playing,.hack//outbreak part 3,70.0
007 legends,0.76,Shooter,007 legends,43.0
007 racing,0.53,Racing,007 racing,51.0
007: quantum of solace,3.86,Shooter,007: quantum of solace,63.8
007: the world is not enough,2.47,Shooter,007: the world is not enough,71.0
100 classic books,0.67,Misc,100 classic books,70.0
101-in-1 explosive megamix,0.19,Misc,101-in-1 explosive megamix,46.0
101-in-1 sports party megamix,0.03,Sports,101-in-1 sports party megamix,41.0
18 wheeler: american pro trucker,0.51,Racing,18 wheeler: american pro trucker,60.0
2002 fifa world cup,0.83,Sports,2002 fifa world cup,77.5
2010 fifa world cup south africa,2.9699999999999998,Sports,2010 fifa world cup south africa,76.0
2014 fifa world cup brazil,1.1,Sports,2014 fifa world cup brazil,73.5
24: the game,0.3,Adventure,24: the game,62.0
25 to life,0.59,Shooter,25 to life,39.666666666666664
300: march to glory,0.41,Action,300: march to glory,55.0
428: shibuya scramble,0.02,Visual Novel,428: shibuya scramble,85.0
4x4 evo 2,0.38,Racing,4x4 evo 2,61.333333333333336
4x4 evolution,0.32,Racing,4x4 evolution,70.33333333333333
50 cent: blood on the sand,0.4,Shooter,50 cent: blood on the sand,71.5
50 cent: bulletproof,2.3,Action,50 cent: bulletproof,48.5
7 days to die,0.32999999999999996,Action,7 days to die,40.0
7 wonders of the ancient world,0.22,Puzzle,7 wonders of the ancient world,55.5
7th dragon iii code: vfd,0.24,Role-Playing,7th dragon iii code: vfd,76.0
8-bit armies,0.06,Strategy,8-bit armies,69.0
88 heroes: 98 heroes edition,0.02,Action,88 heroes: 98 heroes edition,65.0
a boy and his blob,0.21,Platform,a boy and his blob,80.0
a game of thrones: genesis,0.03,Strategy,a game of thrones: genesis,53.0
a way out,0.72,Action,a way out,78.33333333333333
a witch's tale,0.11,Role-Playing,a witch's tale,50.0
abzu,0.06,Adventure,abzu,80.33333333333333
ac/dc live: rock band track pack,0.9,Misc,ac/dc live: rock band track pack,61.5
academy of champions: soccer,0.12,Sports,academy of champions: soccer,64.0
accel world vs. sword art online: millennium twilight,0.17,Action,accel world vs. sword art online: millennium twilight,64.0
ace attorney investigations: miles edgeworth,0.7,Adventure,ace attorney investigations: miles edgeworth,78.0
ace combat: assault horizon,1.23,Action,ace combat: assault horizon,77.5
ace combat: assault horizon legacy,0.25,Simulation,ace combat: assault horizon legacy,71.0
ace combat: joint assault,0.29,Simulation,ace combat: joint assault,71.0
act of war: direct action,0.0,Strategy,act of war: direct action,82.0
act of war: high treason,0.0,Strategy,act of war: high treason,74.0
action bass,1.14,Action,action bass,51.0
activision anthology,0.55,Misc,activision anthology,77.0
adrenalin misfits,0.14,Racing,adrenalin misfits,50.0
advance guardian heroes,0.04,Role-Playing,advance guardian heroes,65.0
advance wars,0.7,Strategy,advance wars,92.0
advance wars 2: black hole rising,0.65,Strategy,advance wars 2: black hole rising,89.0
advance wars: days of ruin,0.61,Strategy,advance wars: days of ruin,86.0
advance wars: dual strike,0.39,Strategy,advance wars: dual strike,90.0
advent rising,0.13,Action,advent rising,69.0
adventure time: explore the dungeon because i don't know!,0.33,Action-Adventure,adventure time: explore the dungeon because i don't know!,42.333333333333336
adventure time: pirates of the enchiridion,0.09,Adventure,adventure time: pirates of the enchiridion,56.0
adventures to go!,0.14,Role-Playing,adventures to go!,58.0
aedis eclipse: generation of chaos,0.02,Role-Playing,aedis eclipse: generation of chaos,62.0
aegis of earth: protonovus assault,0.11,Action,aegis of earth: protonovus assault,57.0
aeon flux,0.05,Action,aeon flux,67.5
aerea,0.03,Role-Playing,aerea,48.0
aero elite: combat academy,0.07,Simulation,aero elite: combat academy,64.0
aero the acro-bat,0.0,Platform,aero the acro-bat,71.0
afrika,0.22,Adventure,afrika,63.0
afro samurai,0.44,Action,afro samurai,65.0
after burner: black falcon,0.01,Simulation,after burner: black falcon,73.0
agatha christie: and then there were none,0.07,Adventure,agatha christie: and then there were none,59.0
agatha christie: evil under the sun,0.09,Adventure,agatha christie: evil under the sun,66.0
agatha christie: murder on the orient express,0.0,Adventure,agatha christie: murder on the orient express,60.0
agatha christie: the abc murders,0.12000000000000001,Adventure,agatha christie: the abc murders,63.0
age of conan: rise of the godslayer,0.03,Role-Playing,age of conan: rise of the godslayer,83.0
age of empires iii: the asian dynasties,0.06,Strategy,age of empires iii: the asian dynasties,81.0
age of empires iii: the warchiefs,0.0,Strategy,age of empires iii: the warchiefs,80.0
age of empires online,0.06,Strategy,age of empires online,70.0
age of empires: mythologies,0.21,Strategy,age of empires: mythologies,78.0
age of empires: the age of kings,0.22,Strategy,age of empires: the age of kings,80.0
age of mythology: the titans,0.06,Strategy,age of mythology: the titans,84.0
age of pirates 2: city of abandoned ships,0.0,Role-Playing,age of pirates 2: city of abandoned ships,61.0
agents of mayhem,0.31,Action,agents of mayhem,67.66666666666667
aggressive inline,0.48,Sports,aggressive inline,83.25
agony,0.05,Action-Adventure,agony,39.333333333333336
aidyn chronicles: the first mage,0.1,Role-Playing,aidyn chronicles: the first mage,53.0
air conflicts: aces of world war ii,0.05,Simulation,air conflicts: aces of world war ii,36.0
air conflicts: secret wars,0.34,Simulation,air conflicts: secret wars,56.0
air traffic chaos,0.05,Simulation,air traffic chaos,66.0
airblade,0.23,Sports,airblade,70.0
airforce delta storm,0.19999999999999998,Simulation,airforce delta storm,61.0
airforce delta strike,0.11,Simulation,airforce delta strike,66.0
akai katana,0.06,Shooter,akai katana,75.0
akiba's beat,0.11,Action,akiba's beat,55.0
akiba's trip: undead & undressed,0.42000000000000004,Action,akiba's trip: undead & undressed,60.5
alan wake,1.33,Action,alan wake,83.0
alex rider: stormbreaker,0.07,Action,alex rider: stormbreaker,48.0
alexander,0.0,Strategy,alexander,56.0
alias,0.16,Action,alias,64.0
alice in wonderland,0.99,Adventure,alice in wonderland,73.5
alice: madness returns,1.21,Adventure,alice: madness returns,71.66666666666667
alien hominid,0.19,Shooter,alien hominid,78.0
alien syndrome,0.14,Role-Playing,alien syndrome,49.5
alien: isolation,2.37,Adventure,alien: isolation,80.25
aliens in the attic,0.13,Action,aliens in the attic,58.0
aliens versus predator: extinction,0.27,Strategy,aliens versus predator: extinction,65.0
aliens: colonial marines,1.42,Shooter,aliens: colonial marines,45.333333333333336
aliens: infestation,0.17,Action,aliens: infestation,76.0
all-pro football 2k8,0.41000000000000003,Sports,all-pro football 2k8,74.0
all-star baseball 2002,0.78,Sports,all-star baseball 2002,71.5
all-star baseball 2003,1.33,Sports,all-star baseball 2003,81.0
all-star baseball 2004,0.7,Sports,all-star baseball 2004,77.33333333333333
all-star baseball 2005,0.47,Sports,all-star baseball 2005,73.5
all-star fruit racing,0.04,Racing,all-star fruit racing,61.5
alone in the dark,0.73,Adventure,alone in the dark,49.75
alone in the dark: inferno,0.13,Adventure,alone in the dark: inferno,69.0
alone in the dark: the new nightmare,0.16,Adventure,alone in the dark: the new nightmare,72.66666666666667
alpha prime,0.0,Shooter,alpha prime,59.0
alpha protocol,0.85,Role-Playing,alpha protocol,66.33333333333333
alter echo,0.18,Shooter,alter echo,62.0
altered beast: guardian of the realms,0.09,Action,altered beast: guardian of the realms,63.0
alundra,0.23,Role-Playing,alundra,86.0
amazing island,0.06,Strategy,amazing island,59.0
america's army: rise of a soldier,0.25,Shooter,america's army: rise of a soldier,70.0
america's army: true soldiers,0.08,Shooter,america's army: true soldiers,43.0
american idol,0.77,Misc,american idol,41.0
american truck simulator,0.09,Simulation,american truck simulator,76.0
amped 2,0.25,Sports,amped 2,80.0
amped 3,0.16,Sports,amped 3,72.0
amped: freestyle snowboarding,0.82,Sports,amped: freestyle snowboarding,78.0
amplitude,0.18,Misc,amplitude,80.0
anachronox,0.0,Role-Playing,anachronox,77.0
anarchy reigns,0.39,Action,anarchy reigns,72.0
ancient wars: sparta,0.0,Strategy,ancient wars: sparta,59.0
angry birds,0.23,Puzzle,angry birds,77.0
angry birds trilogy,1.08,Puzzle,angry birds trilogy,63.666666666666664
animal crossing,0.31,Simulation,animal crossing,87.0
animal crossing: amiibo festival,0.49,Party,animal crossing: amiibo festival,46.0
animal paradise,0.25,Simulation,animal paradise,49.0
animaniacs: the great edgar hunt,0.03,Platform,animaniacs: the great edgar hunt,65.0
anno 1701: dawn of discovery,0.13,Simulation,anno 1701: dawn of discovery,78.0
anno 2070,1.4,Strategy,anno 2070,83.0
anno 2205,0.23,Strategy,anno 2205,72.0
ant nation,0.07,Simulation,ant nation,52.0
apache: air assault,0.39,Simulation,apache: air assault,66.66666666666667
ape escape,1.63,Platform,ape escape,90.0
ape escape 2,0.63,Platform,ape escape 2,82.0
ape escape 3,0.13,Platform,ape escape 3,77.0
ape escape academy,0.33,Party,ape escape academy,51.0
ape escape: on the loose,0.7,Platform,ape escape: on the loose,66.0
ape escape: pumped & primed,0.08,Party,ape escape: pumped & primed,61.0
apex,0.14,Racing,apex,74.0
apex construct,0.05,Action,apex construct,72.0
apollo justice: ace attorney,1.0,Adventure,apollo justice: ace attorney,77.5
aqua aqua,0.11,Puzzle,aqua aqua,79.0
aquaman: battle for atlantis,0.02,Action,aquaman: battle for atlantis,26.5
aquapazza: aquaplus dream match,0.11,Misc,aquapazza: aquaplus dream match,75.0
ar nosurge: ode to an unborn star,0.21000000000000002,Role-Playing,ar nosurge: ode to an unborn star,67.0
ar tonelico qoga: knell of ar ciel,0.24,Role-Playing,ar tonelico qoga: knell of ar ciel,61.0
ar tonelico: melody of elemia,0.1,Role-Playing,ar tonelico: melody of elemia,71.0
aragami,0.04,Action,aragami,71.0
arc the lad: end of darkness,0.06,Role-Playing,arc the lad: end of darkness,59.0
arc the lad: twilight of the spirits,0.36,Role-Playing,arc the lad: twilight of the spirits,72.0
arcana heart,0.16,Fighting,arcana heart,77.0
arcana heart 3,0.25,Fighting,arcana heart 3,73.0
arcana heart 3: love max!!!!!,0.04,Fighting,arcana heart 3: love max!!!!!,68.0
arcania: gothic 4,0.32,Role-Playing,arcania: gothic 4,63.5
arcanum: of steamworks and magick obscura,0.0,Role-Playing,arcanum: of steamworks and magick obscura,81.0
archer maclean's mercury,0.56,Puzzle,archer maclean's mercury,75.0
arctic thunder,0.48,Racing,arctic thunder,45.0
area 51,1.46,Shooter,area 51,71.33333333333333
arena football,0.7100000000000001,Sports,arena football,65.5
ark park,0.05,Adventure,ark park,46.0
ark: survival evolved,0.08,Action-Adventure,ark: survival evolved,56.0
arkanoid ds,0.06,Puzzle,arkanoid ds,61.0
arma ii,0.13,Shooter,arma ii,77.0
armed and dangerous,0.13,Shooter,armed and dangerous,78.5
armello,0.02,Strategy,armello,76.33333333333333
armored core 2,0.79,Simulation,armored core 2,78.0
armored core 2: another age,0.41,Simulation,armored core 2: another age,75.0
armored core 3,0.67,Simulation,armored core 3,74.0
armored core 4,0.45,Simulation,armored core 4,65.0
armored core v,0.62,Simulation,armored core v,66.5
armored core: for answer,0.33999999999999997,Simulation,armored core: for answer,63.0
armored core: last raven,0.18,Simulation,armored core: last raven,59.0
armored core: nexus,0.26,Simulation,armored core: nexus,73.0
armored core: nine breaker,0.07,Simulation,armored core: nine breaker,57.0
armored core: verdict day,0.13,Shooter,armored core: verdict day,65.5
army men: air attack 2,0.3,Action,army men: air attack 2,74.5
army men: air combat,0.24,Action,army men: air combat,77.0
army men: green rogue,0.2,Shooter,army men: green rogue,39.0
army men: rts,0.18,Strategy,army men: rts,67.5
army men: sarge's heroes,1.37,Shooter,army men: sarge's heroes,60.0
army men: sarge's heroes 2,0.83,Shooter,army men: sarge's heroes 2,49.333333333333336
army men: sarge's war,0.26,Shooter,army men: sarge's war,50.0
army of two,2.8099999999999996,Shooter,army of two,73.0
army of two: the 40th day,2.16,Shooter,army of two: the 40th day,65.33333333333333
army of two: the devil's cartel,0.55,Shooter,army of two: the devil's cartel,56.0
around the world in 80 days,0.21000000000000002,Puzzle,around the world in 80 days,40.0
arslan: the warriors of legend,0.26,Action,arslan: the warriors of legend,69.0
art academy: home studio,0.02,Misc,art academy: home studio,82.0
art of fighting anthology,0.04,Fighting,art of fighting anthology,60.0
art of murder: fbi confidential,0.0,Adventure,art of murder: fbi confidential,50.0
arthur and the invisibles,0.03,Adventure,arthur and the invisibles,66.0
arx fatalis,0.05,Role-Playing,arx fatalis,74.0
ashes cricket,0.05,Sports,ashes cricket,73.0
asphalt 3d,0.49,Racing,asphalt 3d,43.0
asphalt: injection,0.26,Racing,asphalt: injection,49.0
asphalt: urban gt,0.59,Racing,asphalt: urban gt,60.0
assassin's creed,11.29,Action,assassin's creed,81.0
assassin's creed chronicles: china,0.04,Action-Adventure,assassin's creed chronicles: china,67.66666666666667
assassin's creed ii,11.41,Action,assassin's creed ii,89.0
assassin's creed ii: discovery,0.28,Platform,assassin's creed ii: discovery,69.0
assassin's creed iii,13.059999999999999,Action-Adventure,assassin's creed iii,83.5
assassin's creed iii: liberation,1.48,Adventure,assassin's creed iii: liberation,70.0
assassin's creed iv: black flag,13.709999999999999,Action-Adventure,assassin's creed iv: black flag,85.25
assassin's creed odyssey,4.63,Action-Adventure,assassin's creed odyssey,85.33333333333333
assassin's creed origins,6.529999999999999,Action,assassin's creed origins,83.33333333333333
assassin's creed rogue remastered,0.19,Action-Adventure,assassin's creed rogue remastered,71.0
assassin's creed syndicate,5.3,Action,assassin's creed syndicate,76.0
assassin's creed: altair's chronicles,0.32,Action,assassin's creed: altair's chronicles,58.0
assassin's creed: bloodlines,1.26,Action,assassin's creed: bloodlines,63.0
assassin's creed: brotherhood,6.97,Action,assassin's creed: brotherhood,89.0
assassin's creed: revelations,9.21,Action,assassin's creed: revelations,80.0
assault suit leynos,0.05,Shooter,assault suit leynos,67.0
assetto corsa,0.1,Racing,assetto corsa,73.66666666666667
asterix & obelix: kick buttix,0.03,Action,asterix & obelix: kick buttix,59.0
astonishia story,0.03,Role-Playing,astonishia story,48.0
astro boy,0.09,Action,astro boy,54.0
astro boy: omega factor,0.09,Action,astro boy: omega factor,85.0
astro boy: the video game,0.36,Action,astro boy: the video game,41.0
asura's wrath,0.69,Action,asura's wrath,71.0
atari anniversary advance,0.18,Misc,atari anniversary advance,75.0
atari anthology,0.65,Misc,atari anthology,67.0
atari classics evolved,0.09,Misc,atari classics evolved,64.0
atelier annie: alchemists of sera island,0.12,Role-Playing,atelier annie: alchemists of sera island,70.0
atelier ayesha plus: the alchemist of dusk,0.05,Role-Playing,atelier ayesha plus: the alchemist of dusk,76.0
atelier escha & logy plus: alchemists of the dusk sky,0.05,Role-Playing,atelier escha & logy plus: alchemists of the dusk sky,75.0
atelier firis: the alchemist and the mysterious journey,0.12,Role-Playing,atelier firis: the alchemist and the mysterious journey,74.0
atelier iris 2: the azoth of destiny,0.06,Role-Playing,atelier iris 2: the azoth of destiny,68.0
atelier iris: eternal mana,0.15,Role-Playing,atelier iris: eternal mana,74.0
atelier lydie & suelle: the alchemists and the mysterious paintings,0.09999999999999999,Role-Playing,atelier lydie & suelle: the alchemists and the mysterious paintings,68.0
atelier meruru plus: the apprentice of arland,0.06,Role-Playing,atelier meruru plus: the apprentice of arland,74.0
atelier shallie plus: alchemists of the dusk sea,0.05,Role-Playing,atelier shallie plus: alchemists of the dusk sea,78.0
atelier sophie: the alchemist of the mysterious book,0.26,Role-Playing,atelier sophie: the alchemist of the mysterious book,75.0
atelier totori: the adventurer of arland,0.52,Role-Playing,atelier totori: the adventurer of arland,74.0
athens 2004,0.27,Sports,athens 2004,61.0
atlantis evolution,0.0,Adventure,atlantis evolution,54.0
atomic betty,0.03,Puzzle,atomic betty,62.0
attack of the movies 3d,0.14,Shooter,attack of the movies 3d,38.0
attack on titan,0.87,Action,attack on titan,75.5
attack on titan 2,0.5700000000000001,Action,attack on titan 2,73.66666666666667
atv offroad fury,2.41,Racing,atv offroad fury,82.0
atv offroad fury 2,2.18,Racing,atv offroad fury 2,82.0
atv offroad fury 3,1.2,Racing,atv offroad fury 3,78.0
atv offroad fury pro,0.46,Racing,atv offroad fury pro,76.0
atv offroad fury: blazin' trails,0.57,Racing,atv offroad fury: blazin' trails,63.0
atv quad power racing 2,1.57,Racing,atv quad power racing 2,68.66666666666667
atv: quad power racing,1.3,Racing,atv: quad power racing,45.5
auto modellista,0.43,Racing,auto modellista,60.0
avalon code,0.24,Role-Playing,avalon code,71.0
avatar: the last airbender,1.22,Adventure,avatar: the last airbender,59.833333333333336
avatar: the last airbender - the burning earth,1.1400000000000001,Action,avatar: the last airbender - the burning earth,54.0
aven colony,0.12,Strategy,aven colony,71.66666666666667
away: shuffle dungeon,0.03,Role-Playing,away: shuffle dungeon,65.0
axiom verge,0.22,Action,axiom verge,85.0
azure striker gunvolt: striker pack,0.09,Action,azure striker gunvolt: striker pack,82.0
azurik: rise of perathia,0.24,Action,azurik: rise of perathia,52.0
b-boy,0.05,Action,b-boy,51.5
back to the future: the game,0.36,Adventure,back to the future: the game,66.0
backbreaker,0.36,Sports,backbreaker,56.0
backyard wrestling 2: there goes the neighborhood,0.4,Fighting,backyard wrestling 2: there goes the neighborhood,44.5
backyard wrestling: don't try this at home,0.77,Fighting,backyard wrestling: don't try this at home,50.5
bad apple wars,0.07,Action,bad apple wars,78.0
bad boys: miami takedown,1.38,Shooter,bad boys: miami takedown,35.0
baja: edge of control,0.41000000000000003,Racing,baja: edge of control,63.0
baja: edge of control hd,0.08,Racing,baja: edge of control hd,65.0
baldur's gate: dark alliance,1.61,Role-Playing,baldur's gate: dark alliance,81.25
baldur's gate: dark alliance ii,0.9400000000000001,Role-Playing,baldur's gate: dark alliance ii,77.5
ball breakers,0.18,Action,ball breakers,68.0
balls of fury,0.04,Sports,balls of fury,62.0
band hero,3.38,Misc,band hero,74.0
bangai-o spirits,0.08,Shooter,bangai-o spirits,83.0
banjo-kazooie,0.01,Platform,banjo-kazooie,84.5
banjo-kazooie: grunty's revenge,0.33,Platform,banjo-kazooie: grunty's revenge,72.0
banjo-kazooie: nuts & bolts,0.76,Platform,banjo-kazooie: nuts & bolts,79.0
banjo-pilot,0.1,Racing,banjo-pilot,68.0
barbarian,0.14,Fighting,barbarian,63.0
barnyard,0.3,Action,barnyard,62.25
baroque,0.21000000000000002,Role-Playing,baroque,50.0
barrow hill: curse of the ancient circle,0.0,Adventure,barrow hill: curse of the ancient circle,65.0
baseball advance,0.13,Sports,baseball advance,80.0
bass strike,0.28,Sports,bass strike,57.0
baten kaitos origins,0.1,Role-Playing,baten kaitos origins,75.0
baten kaitos: eternal wings and the lost ocean,0.27,Role-Playing,baten kaitos: eternal wings and the lost ocean,80.0
batman begins,1.09,Action,batman begins,65.0
batman: arkham asylum,7.82,Action,batman: arkham asylum,91.33333333333333
batman: arkham city,10.29,Action,batman: arkham city,93.66666666666667
batman: arkham knight,5.69,Action,batman: arkham knight,80.66666666666667
batman: arkham origins,4.62,Action-Adventure,batman: arkham origins,74.66666666666667
batman: arkham origins blackgate,0.75,Action-Adventure,batman: arkham origins blackgate,64.5
batman: arkham vr,0.39,Action,batman: arkham vr,74.0
batman: dark tomorrow,0.19,Action,batman: dark tomorrow,27.0
batman: return to arkham,0.8400000000000001,Action,batman: return to arkham,73.0
batman: rise of sin tzu,0.59,Action,batman: rise of sin tzu,64.0
batman: vengeance,0.99,Adventure,batman: vengeance,69.0
battalion wars,0.4,Strategy,battalion wars,76.0
battalion wars 2,0.34,Strategy,battalion wars 2,75.0
battle assault 3 featuring gundam seed,0.03,Action,battle assault 3 featuring gundam seed,48.0
battle chasers: nightwar,0.15,Role-Playing,battle chasers: nightwar,79.25
battle engine aquila,0.05,Shooter,battle engine aquila,71.33333333333333
battle fantasia,0.09999999999999999,Fighting,battle fantasia,69.0
battle of the bands,0.0,Misc,battle of the bands,58.0
battle princess of arcadias,0.02,Action,battle princess of arcadias,69.0
battle worlds: kronos,0.03,Strategy,battle worlds: kronos,71.0
battleborn,0.96,Shooter,battleborn,69.33333333333333
battlebots: beyond the battlebox,0.06,Action,battlebots: beyond the battlebox,53.0
battlefield 1,13.16,Shooter,battlefield 1,88.0
battlefield 2142,0.03,Shooter,battlefield 2142,80.0
battlefield 2: modern combat,1.4100000000000001,Shooter,battlefield 2: modern combat,79.0
battlefield 3,17.32,Shooter,battlefield 3,86.0
battlefield 4,14.6,Shooter,battlefield 4,81.25
battlefield v,3.87,Shooter,battlefield v,77.33333333333333
battlefield: bad company,2.8,Shooter,battlefield: bad company,83.5
battlefield: bad company 2,7.16,Shooter,battlefield: bad company 2,87.66666666666667
battleforge,0.01,Strategy,battleforge,75.0
battles of prince of persia,0.12,Strategy,battles of prince of persia,64.0
battlestar galactica,0.24,Simulation,battlestar galactica,57.25
battlestations: midway,0.27,Strategy,battlestations: midway,74.5
battlestations: pacific,0.34,Strategy,battlestations: pacific,75.0
battlezone,0.81,Shooter,battlezone,58.0
bayonetta,2.14,Action,bayonetta,87.4
beach spikers: virtua beach volleyball,0.1,Sports,beach spikers: virtua beach volleyball,76.0
beat city,0.08,Misc,beat city,70.0
beat down: fists of vengeance,0.17,Action,beat down: fists of vengeance,48.0
beat sketcher,0.0,Misc,beat sketcher,67.0
beaterator,0.11,Misc,beaterator,80.0
beatmania,0.07,Simulation,beatmania,67.0
beautiful katamari,0.32,Puzzle,beautiful katamari,73.0
bee movie game,1.05,Action,bee movie game,64.0
bejeweled 2 deluxe,0.02,Puzzle,bejeweled 2 deluxe,69.0
bejeweled 3,0.63,Puzzle,bejeweled 3,78.33333333333333
bejeweled twist,0.15000000000000002,Puzzle,bejeweled twist,77.5
ben 10 alien force: vilgax attacks,1.8,Action,ben 10 alien force: vilgax attacks,61.0
bendy and the ink machine,0.51,Puzzle,bendy and the ink machine,70.5
beowulf: the game,0.65,Action,beowulf: the game,48.666666666666664
bermuda triangle: saving the coral,0.02,Puzzle,bermuda triangle: saving the coral,60.0
berserk and the band of the hawk,0.19,Action,berserk and the band of the hawk,66.0
bet on soldier: blood sport,0.0,Shooter,bet on soldier: blood sport,56.0
beyond divinity,0.0,Role-Playing,beyond divinity,73.0
beyond good & evil,0.5,Adventure,beyond good & evil,85.75
big bang mini,0.06,Shooter,big bang mini,78.0
big bumpin',0.0,Action,big bumpin',63.0
big mutha truckers,1.15,Racing,big mutha truckers,60.5
big mutha truckers 2,0.27,Racing,big mutha truckers 2,48.333333333333336
billy hatcher and the giant egg,0.25,Platform,billy hatcher and the giant egg,71.0
binary domain,0.52,Action,binary domain,71.33333333333333
bionic commando,0.0,Adventure,bionic commando,70.0
bionicle,0.79,Platform,bionicle,51.5
bionicle heroes,0.28,Shooter,bionicle heroes,58.8
bioshock,4.27,Shooter,bioshock,95.33333333333333
bioshock 2,3.75,Shooter,bioshock 2,88.0
bioshock infinite,3.79,Shooter,bioshock infinite,93.66666666666667
bioshock: the collection,1.3399999999999999,Shooter,bioshock: the collection,83.0
birds of steel,0.39,Simulation,birds of steel,75.0
birthdays the beginning,0.06,Misc,birthdays the beginning,65.0
bit.trip complete,0.09,Misc,bit.trip complete,84.0
bit.trip saga,0.14,Platform,bit.trip saga,75.0
black,1.67,Shooter,black,78.0
black & bruised,0.21000000000000002,Fighting,black & bruised,64.5
black & white 2,0.09,Strategy,black & white 2,75.0
black clover: quartet knights,0.04,Shooter,black clover: quartet knights,53.0
black mirror,0.08,Adventure,black mirror,57.0
black sigil: blade of the exiled,0.05,Role-Playing,black sigil: blade of the exiled,58.0
black stone: magic & steel,0.04,Role-Playing,black stone: magic & steel,44.0
blackguards 2,0.05,Strategy,blackguards 2,74.0
blacksite: area 51,0.6499999999999999,Shooter,blacksite: area 51,61.0
blackthorne,0.01,Action,blackthorne,67.0
blackwater,0.12,Shooter,blackwater,37.0
blade dancer: lineage of light,0.06,Role-Playing,blade dancer: lineage of light,60.0
blade ii,0.44,Action,blade ii,51.0
blade strangers,0.06,Fighting,blade strangers,75.0
blades of time,0.2,Action,blades of time,47.666666666666664
bladestorm: nightmare,0.33,Action,bladestorm: nightmare,58.0
bladestorm: the hundred years' war,0.37,Action,bladestorm: the hundred years' war,60.5
blast corps,0.71,Action,blast corps,90.0
"blast works: build, trade, destroy",0.1,Shooter,"blast works: build, trade, destroy",78.0
blazblue: calamity trigger,0.94,Fighting,blazblue: calamity trigger,86.5
blazblue: calamity trigger portable,0.11,Fighting,blazblue: calamity trigger portable,82.0
blazblue: central fiction,0.29000000000000004,Fighting,blazblue: central fiction,84.0
blazblue: chrono phantasma,0.4,Fighting,blazblue: chrono phantasma,83.0
blazblue: chrono phantasma extend,0.31,Fighting,blazblue: chrono phantasma extend,82.5
blazblue: continuum shift,0.73,Fighting,blazblue: continuum shift,86.0
blazblue: continuum shift extend,0.22,Fighting,blazblue: continuum shift extend,83.0
blazblue: continuum shift ii,0.24,Fighting,blazblue: continuum shift ii,70.5
blazblue: cross tag battle,0.15000000000000002,Fighting,blazblue: cross tag battle,77.5
blazing angels 2: secret missions of wwii,0.29000000000000004,Simulation,blazing angels 2: secret missions of wwii,71.33333333333333
blazing angels: squadrons of wwii,2.04,Simulation,blazing angels: squadrons of wwii,64.8
bleach: dark souls,0.16,Fighting,bleach: dark souls,82.0
bleach: shattered blade,0.32,Fighting,bleach: shattered blade,58.0
bleach: soul resurreccion,0.51,Fighting,bleach: soul resurreccion,58.0
bleach: the 3rd phantom,0.2,Role-Playing,bleach: the 3rd phantom,59.0
bleach: the blade of fate,0.45,Fighting,bleach: the blade of fate,83.0
blender bros.,0.02,Platform,blender bros.,73.0
blinx 2: masters of time & space,0.15,Platform,blinx 2: masters of time & space,68.0
blinx: the time sweeper,0.56,Platform,blinx: the time sweeper,71.0
bliss island,0.0,Puzzle,bliss island,43.0
blitz: the league,1.58,Sports,blitz: the league,74.33333333333333
blitz: the league ii,0.25,Sports,blitz: the league ii,65.0
blitzkrieg: rolling thunder,0.0,Strategy,blitzkrieg: rolling thunder,73.0
blood bowl,0.24000000000000002,Sports,blood bowl,64.66666666666667
blood bowl 2,0.0,Sports,blood bowl 2,72.66666666666667
blood bowl: legendary edition,0.02,Sports,blood bowl: legendary edition,73.0
blood drive,0.2,Racing,blood drive,43.5
blood omen 2,0.63,Action,blood omen 2,70.0
blood wake,0.57,Shooter,blood wake,71.0
bloodrayne,0.74,Shooter,bloodrayne,72.25
bloodrayne 2,0.42000000000000004,Shooter,bloodrayne 2,69.33333333333333
bloody roar 3,0.35,Fighting,bloody roar 3,71.0
bloody roar 4,0.09,Fighting,bloody roar 4,59.0
bloody roar extreme,0.04,Fighting,bloody roar extreme,61.0
bloody roar: primal fury,0.18,Fighting,bloody roar: primal fury,75.0
blowout,0.29000000000000004,Shooter,blowout,56.5
blue dragon,0.92,Role-Playing,blue dragon,79.0
blue dragon plus,0.21,Role-Playing,blue dragon plus,69.0
blue dragon: awakened shadow,0.1,Role-Playing,blue dragon: awakened shadow,63.0
blur,1.3699999999999999,Racing,blur,81.33333333333333
bmx xxx,0.32,Sports,bmx xxx,57.333333333333336
body and brain connection,0.2,Misc,body and brain connection,57.0
body harvest,0.2,Shooter,body harvest,73.0
bodycount,0.22,Shooter,bodycount,51.5
boing! docomodake ds,0.05,Puzzle,boing! docomodake ds,72.0
boktai 2: solar boy django,0.04,Role-Playing,boktai 2: solar boy django,78.0
boktai: the sun is in your hand,0.15,Role-Playing,boktai: the sun is in your hand,83.0
bolt,1.8800000000000001,Adventure,bolt,58.0
bombastic,0.05,Puzzle,bombastic,72.0
bomberman,1.34,Puzzle,bomberman,74.0
bomberman generation,0.25,Adventure,bomberman generation,81.0
bomberman jetters,0.08,Puzzle,bomberman jetters,70.0
bomberman land,0.39,Misc,bomberman land,57.0
bomberman land touch!,0.09,Puzzle,bomberman land touch!,78.0
bomberman land touch! 2,0.16,Puzzle,bomberman land touch! 2,74.0
bomberman max 2: blue advance,0.09,Puzzle,bomberman max 2: blue advance,75.0
bomberman max 2: red advance,0.07,Puzzle,bomberman max 2: red advance,75.0
bomberman: act zero,0.04,Puzzle,bomberman: act zero,34.0
boogie,0.95,Misc,boogie,55.666666666666664
bookworm adventures deluxe,0.0,Puzzle,bookworm adventures deluxe,82.0
boom blox bash party,0.46,Puzzle,boom blox bash party,86.0
borderlands,5.7700000000000005,Shooter,borderlands,82.66666666666667
borderlands 2,6.95,Shooter,borderlands 2,83.25
borderlands 2 vr,0.09,Shooter,borderlands 2 vr,72.0
borderlands: game of the year edition,0.06,Shooter,borderlands: game of the year edition,78.0
borderlands: the handsome collection,1.96,Shooter,borderlands: the handsome collection,81.0
borderlands: the pre-sequel,1.72,Misc,borderlands: the pre-sequel,75.33333333333333
boulder dash-xl,0.01,Action,boulder dash-xl,71.0
bound by flame,0.22999999999999998,Action,bound by flame,54.5
bounty hounds,0.03,Action,bounty hounds,63.0
boxing fever,0.08,Sports,boxing fever,76.0
brain age: concentration training,0.36,Misc,brain age: concentration training,69.0
brain assist,0.13,Misc,brain assist,53.0
brain boost: beta wave,0.15,Puzzle,brain boost: beta wave,39.0
brain boost: gamma wave,0.15,Puzzle,brain boost: gamma wave,40.0
brain challenge,0.45,Misc,brain challenge,61.0
brain voyage,0.09,Puzzle,brain voyage,52.0
brandish: the dark revenant,0.02,Role-Playing,brandish: the dark revenant,78.0
bratz: rock angelz,1.12,Misc,bratz: rock angelz,60.0
brave fencer musashi,1.14,Role-Playing,brave fencer musashi,81.0
brave: a warrior's tale,0.12,Action,brave: a warrior's tale,45.0
brave: the video game,0.02,Action-Adventure,brave: the video game,68.0
bravo team,0.27,Shooter,bravo team,45.0
breach,0.01,Shooter,breach,57.0
break 'em all,0.12,Puzzle,break 'em all,68.0
breakdown,0.12,Adventure,breakdown,71.0
breath of fire,0.22,Role-Playing,breath of fire,79.0
breath of fire ii,0.55,Role-Playing,breath of fire ii,81.0
breath of fire iv,0.56,Role-Playing,breath of fire iv,83.0
breath of fire: dragon quarter,0.19,Role-Playing,breath of fire: dragon quarter,78.0
brian lara international cricket 2007,0.01,Sports,brian lara international cricket 2007,71.0
bridge constructor portal,0.05,Simulation,bridge constructor portal,76.0
brink,1.95,Shooter,brink,70.0
britney's dance beat,0.45999999999999996,Misc,britney's dance beat,58.0
broken sword 5: the serpent's curse,0.09000000000000001,Adventure,broken sword 5: the serpent's curse,74.5
broken sword: shadow of the templars - the director's cut,0.24,Adventure,broken sword: shadow of the templars - the director's cut,76.0
broken sword: the shadow of the templars,0.06,Adventure,broken sword: the shadow of the templars,80.0
broken sword: the sleeping dragon,0.02,Adventure,broken sword: the sleeping dragon,79.5
brothers in arms ds,0.04,Shooter,brothers in arms ds,72.0
brothers in arms: d-day,0.46,Shooter,brothers in arms: d-day,65.0
brothers in arms: double time,0.13,Shooter,brothers in arms: double time,45.0
brothers in arms: earned in blood,0.77,Action,brothers in arms: earned in blood,80.0
brothers in arms: hell's highway,1.8299999999999998,Shooter,brothers in arms: hell's highway,77.0
brothers in arms: road to hill 30,1.12,Shooter,brothers in arms: road to hill 30,85.66666666666667
brothers: a tale of two sons,0.2,Adventure,brothers: a tale of two sons,84.2
bruce lee: quest of the dragon,0.31,Fighting,bruce lee: quest of the dragon,32.0
brunswick pro bowling,1.74,Sports,brunswick pro bowling,52.0
brutal legend,1.91,Action,brutal legend,81.66666666666667
brute force,0.83,Shooter,brute force,77.0
bubble bobble double shot,0.04,Puzzle,bubble bobble double shot,50.0
bubble bobble revolution,0.05,Puzzle,bubble bobble revolution,38.0
bubsy: the woolies strike back,0.05,Platform,bubsy: the woolies strike back,44.5
buffy the vampire slayer,0.23,Action,buffy the vampire slayer,79.0
buffy the vampire slayer: chaos bleeds,0.32999999999999996,Action,buffy the vampire slayer: chaos bleeds,73.33333333333333
buffy the vampire slayer: wrath of the darkhul king,0.03,Action,buffy the vampire slayer: wrath of the darkhul king,44.0
build-a-bear workshop,0.93,Simulation,build-a-bear workshop,61.0
bujingai: the forsaken city,0.1,Fighting,bujingai: the forsaken city,72.0
bullet witch,0.1,Shooter,bullet witch,53.0
bulletstorm,1.72,Shooter,bulletstorm,83.0
bulletstorm: full clip edition,0.21000000000000002,Shooter,bulletstorm: full clip edition,77.66666666666667
bully: scholarship edition,1.62,Action,bully: scholarship edition,78.33333333333333
burnout,1.17,Racing,burnout,77.33333333333333
burnout 2: point of impact,1.24,Racing,burnout 2: point of impact,87.66666666666667
burnout 3: takedown,3.99,Racing,burnout 3: takedown,93.5
burnout dominator,0.45,Racing,burnout dominator,76.0
burnout legends,1.03,Racing,burnout legends,62.0
burnout paradise,3.3,Racing,burnout paradise,87.5
burnout paradise remastered,0.48,Racing,burnout paradise remastered,79.66666666666667
burnout paradise: the ultimate box,0.19,Racing,burnout paradise: the ultimate box,87.0
burnout revenge,1.9300000000000002,Racing,burnout revenge,89.33333333333333
bus driver,0.01,Simulation,bus driver,61.0
bushido blade,1.16,Fighting,bushido blade,83.0
bust a groove 2,0.26,Misc,bust a groove 2,66.0
bust-a-move 4,0.22,Puzzle,bust-a-move 4,79.0
bust-a-move bash!,0.15,Puzzle,bust-a-move bash!,53.0
bust-a-move deluxe,0.14,Puzzle,bust-a-move deluxe,67.0
bust-a-move ds,0.11,Puzzle,bust-a-move ds,75.0
bust-a-move universe,0.31,Puzzle,bust-a-move universe,49.0
buzz lightyear of star command,0.63,Platform,buzz lightyear of star command,54.5
buzz! junior: jungle party,0.41,Misc,buzz! junior: jungle party,70.0
buzz! junior: robojam,0.23,Misc,buzz! junior: robojam,62.0
buzz! master quiz,0.9,Misc,buzz! master quiz,68.0
buzz! quiz tv,0.88,Misc,buzz! quiz tv,80.0
buzz! quiz world,0.93,Misc,buzz! quiz world,71.0
buzz! the hollywood quiz,0.78,Misc,buzz! the hollywood quiz,77.0
buzz! the mega quiz,0.88,Misc,buzz! the mega quiz,75.0
c.o.p.: the recruit,0.08,Action,c.o.p.: the recruit,55.0
c.o.r.e.,0.04,Shooter,c.o.r.e.,44.0
cabela's big game hunter,1.51,Sports,cabela's big game hunter,59.0
cabela's dangerous hunts 2011,1.35,Sports,cabela's dangerous hunts 2011,55.0
caesar iv,0.04,Strategy,caesar iv,74.0
cake mania,0.11,Puzzle,cake mania,55.0
call of cthulhu,0.16999999999999998,Role-Playing,call of cthulhu,65.33333333333333
call of cthulhu: dark corners of the earth,0.06,Adventure,call of cthulhu: dark corners of the earth,76.5
call of duty,0.01,Shooter,call of duty,91.0
call of duty 2,2.12,Shooter,call of duty 2,87.5
call of duty 2: big red one,4.12,Shooter,call of duty 2: big red one,77.0
call of duty 3,7.5200000000000005,Shooter,call of duty 3,79.2
call of duty 4: modern warfare,18.33,Shooter,call of duty 4: modern warfare,88.75
call of duty: advanced warfare,21.78,Shooter,call of duty: advanced warfare,80.66666666666667
call of duty: black ops,30.990000000000002,Shooter,call of duty: black ops,82.0
call of duty: black ops ii,29.59,Shooter,call of duty: black ops ii,80.25
call of duty: finest hour,4.5,Shooter,call of duty: finest hour,74.33333333333333
call of duty: ghosts,28.8,Shooter,call of duty: ghosts,73.6
call of duty: infinite warfare,13.6,Shooter,call of duty: infinite warfare,76.0
call of duty: modern warfare 2,25.02,Shooter,call of duty: modern warfare 2,91.33333333333333
call of duty: modern warfare 3,30.71,Shooter,call of duty: modern warfare 3,81.0
call of duty: modern warfare remastered,0.82,Shooter,call of duty: modern warfare remastered,83.0
call of duty: roads to victory,2.14,Shooter,call of duty: roads to victory,64.0
call of duty: world at war,15.94,Shooter,call of duty: world at war,82.0
call of duty: wwii,19.82,Shooter,call of duty: wwii,77.33333333333333
call of juarez,0.19,Shooter,call of juarez,71.5
call of juarez: bound in blood,1.51,Shooter,call of juarez: bound in blood,77.66666666666667
call of juarez: the cartel,0.6799999999999999,Shooter,call of juarez: the cartel,47.666666666666664
calling,0.11,Adventure,calling,49.0
candle: the power of the flame,0.01,Platform,candle: the power of the flame,72.0
cannon fodder 3,0.0,Action,cannon fodder 3,49.0
capcom beat 'em up bundle,0.02,Fighting,capcom beat 'em up bundle,75.0
capcom classics collection,0.66,Misc,capcom classics collection,79.5
capcom classics collection reloaded,0.33,Misc,capcom classics collection reloaded,75.0
capcom classics collection remixed,0.3,Misc,capcom classics collection remixed,72.0
capcom classics mini mix,0.0,Misc,capcom classics mini mix,66.0
capcom digital collection,0.02,Misc,capcom digital collection,65.0
capcom fighting evolution,0.24000000000000002,Fighting,capcom fighting evolution,61.0
capcom puzzle world,0.01,Puzzle,capcom puzzle world,65.0
capcom vs. snk,0.22,Fighting,capcom vs. snk,80.0
capcom vs. snk 2 eo,0.21000000000000002,Fighting,capcom vs. snk 2 eo,74.0
capcom vs. snk 2: mark of the millennium 2001,0.75,Fighting,capcom vs. snk 2: mark of the millennium 2001,81.0
captain america: super soldier,0.56,Action,captain america: super soldier,57.25
captain toad: treasure tracker,0.19,Puzzle,captain toad: treasure tracker,80.66666666666667
car battler joe,0.02,Role-Playing,car battler joe,77.0
carmageddon: max damage,0.05,Action,carmageddon: max damage,51.5
carmen sandiego: the secret of the stolen drums,0.1,Adventure,carmen sandiego: the secret of the stolen drums,54.333333333333336
carnival games,6.47,Misc,carnival games,52.0
carnival island,0.23,Misc,carnival island,66.0
carol vorderman's sudoku,0.36000000000000004,Puzzle,carol vorderman's sudoku,72.0
cars,6.82,Racing,cars,65.44444444444444
cars 3: driven to win,0.71,Racing,cars 3: driven to win,63.333333333333336
cars mater-national championship,0.49,Racing,cars mater-national championship,63.333333333333336
cartoon network racing,0.05,Action,cartoon network racing,47.0
cartoon network: punch time explosion,0.1,Fighting,cartoon network: punch time explosion,58.0
carve,0.05,Racing,carve,64.0
casper: spirit dimensions,0.16,Platform,casper: spirit dimensions,58.0
castle of shikigami iii,0.05,Shooter,castle of shikigami iii,67.0
castlevania,1.87,Platform,castlevania,78.0
castlevania chronicles,0.13,Platform,castlevania chronicles,69.0
castlevania judgment,0.16,Fighting,castlevania judgment,49.0
castlevania: aria of sorrow,0.28,Platform,castlevania: aria of sorrow,91.0
castlevania: curse of darkness,0.54,Action,castlevania: curse of darkness,72.0
castlevania: dawn of sorrow,0.43,Platform,castlevania: dawn of sorrow,89.0
castlevania: harmony of dissonance,0.26,Platform,castlevania: harmony of dissonance,87.0
castlevania: lament of innocence,0.94,Action,castlevania: lament of innocence,79.0
castlevania: lords of shadow,1.77,Action,castlevania: lords of shadow,84.0
castlevania: lords of shadow - mirror of fate,0.16,Action-Adventure,castlevania: lords of shadow - mirror of fate,72.0
castlevania: lords of shadow 2,0.29000000000000004,Action-Adventure,castlevania: lords of shadow 2,63.666666666666664
castlevania: order of ecclesia,0.37,Platform,castlevania: order of ecclesia,85.0
castlevania: portrait of ruin,0.4,Platform,castlevania: portrait of ruin,85.0
castlevania: symphony of the night,1.27,Platform,castlevania: symphony of the night,91.0
castlevania: the dracula x chronicles,0.42,Platform,castlevania: the dracula x chronicles,80.0
cat quest,0.04,Adventure,cat quest,75.66666666666667
catan,0.02,Strategy,catan,71.0
cate west: the vanishing files,0.18,Adventure,cate west: the vanishing files,65.0
catherine,1.02,Puzzle,catherine,80.5
catwoman,0.34,Action,catwoman,49.75
cave story 3d,0.15,Platform,cave story 3d,82.0
cel damage,0.18,Racing,cel damage,66.0
celebrity sports showdown,0.45,Sports,celebrity sports showdown,50.0
ceville,0.02,Adventure,ceville,73.0
champions of norrath,1.28,Role-Playing,champions of norrath,85.0
champions online,0.01,Role-Playing,champions online,72.0
champions: return to arms,0.65,Role-Playing,champions: return to arms,77.0
championship manager 2008,0.0,Sports,championship manager 2008,68.0
championship motocross 2001 featuring ricky carmichael,0.14,Racing,championship motocross 2001 featuring ricky carmichael,70.0
championship surfer,0.06,Sports,championship surfer,54.0
chaos field,0.01,Shooter,chaos field,63.0
chaos legion,0.3,Action,chaos legion,65.0
chaos wars,0.04,Strategy,chaos wars,64.0
chaos;child,0.11000000000000001,Visual Novel,chaos;child,76.0
charlie and the chocolate factory,0.94,Adventure,charlie and the chocolate factory,34.75
charlie's angels,0.02,Action,charlie's angels,23.0
chase: hollywood stunt driver,0.12,Racing,chase: hollywood stunt driver,60.0
chessmaster,0.56,Misc,chessmaster,79.0
chessmaster 10th edition,0.0,Strategy,chessmaster 10th edition,81.0
chibi-robo! park patrol,0.19,Adventure,chibi-robo! park patrol,78.0
chibi-robo! zip lash,0.32,Platform,chibi-robo! zip lash,59.0
chicago enforcer,0.02,Shooter,chicago enforcer,33.0
chicken run,0.13,Adventure,chicken run,71.5
chicken shoot,0.53,Action,chicken shoot,27.0
child of eden,0.66,Shooter,child of eden,82.5
child of light,0.14,Role-Playing,child of light,82.0
children of mana,0.48,Role-Playing,children of mana,65.0
chili con carnage,0.02,Shooter,chili con carnage,74.0
chris sawyer's locomotion,0.0,Strategy,chris sawyer's locomotion,59.0
chronicles of mystery: curse of the ancient temple,0.2,Adventure,chronicles of mystery: curse of the ancient temple,57.0
chronicles of mystery: the scorpio ritual,0.01,Adventure,chronicles of mystery: the scorpio ritual,62.0
chuchu rocket!,0.09,Puzzle,chuchu rocket!,84.0
cid the dummy,0.06,Platform,cid the dummy,31.0
cima: the enemy,0.03,Role-Playing,cima: the enemy,70.0
circus maximus: chariot wars,0.07,Racing,circus maximus: chariot wars,67.0
cities xl,0.0,Simulation,cities xl,69.0
cities xl 2011,0.02,Simulation,cities xl 2011,70.0
cities xl 2012,0.06,Strategy,cities xl 2012,61.0
cities: skylines,0.48,Simulation,cities: skylines,85.0
city crisis,0.13,Simulation,city crisis,63.0
city life 2008 edition,0.0,Simulation,city life 2008 edition,66.0
city life: world edition,0.04,Simulation,city life: world edition,75.0
city of villains,0.0,Role-Playing,city of villains,82.0
civcity: rome,0.0,Strategy,civcity: rome,67.0
cladun returns: this is sengoku!,0.05,Action,cladun returns: this is sengoku!,73.0
class of heroes,0.14,Role-Playing,class of heroes,61.0
classic nes series: castlevania,0.33,Platform,classic nes series: castlevania,74.0
classic nes series: donkey kong,0.9,Platform,classic nes series: donkey kong,55.0
classic nes series: dr. mario,0.6900000000000001,Puzzle,classic nes series: dr. mario,66.0
classic nes series: excitebike,0.35,Racing,classic nes series: excitebike,66.0
classic nes series: ice climber,0.54,Platform,classic nes series: ice climber,66.0
classic nes series: metroid,0.5,Adventure,classic nes series: metroid,58.0
classic nes series: pac-man,0.46,Puzzle,classic nes series: pac-man,53.0
classic nes series: super mario bros.,1.43,Platform,classic nes series: super mario bros.,84.0
classic nes series: the legend of zelda,1.13,Adventure,classic nes series: the legend of zelda,84.0
classic nes series: zelda ii: the adventure of link,0.7,Adventure,classic nes series: zelda ii: the adventure of link,73.0
clive barker's jericho,0.53,Shooter,clive barker's jericho,62.0
clive barker's undying,0.0,Shooter,clive barker's undying,85.0
clock tower 3,0.33,Adventure,clock tower 3,69.0
close combat: first to fight,0.18,Shooter,close combat: first to fight,68.0
cloudy with a chance of meatballs,0.6,Adventure,cloudy with a chance of meatballs,64.0
cmt presents: karaoke revolution country,0.06,Misc,cmt presents: karaoke revolution country,71.0
code lyoko,0.05,Action,code lyoko,63.0
code lyoko: fall of x.a.n.a.,0.08,Adventure,code lyoko: fall of x.a.n.a.,51.0
code lyoko: quest for infinity,0.13,Action,code lyoko: quest for infinity,58.0
code name: s.t.e.a.m.,0.22,Strategy,code name: s.t.e.a.m.,69.0
code of princess,0.2,Action-Adventure,code of princess,67.0
coded arms,0.75,Shooter,coded arms,59.0
coded arms: contagion,0.06,Shooter,coded arms: contagion,56.0
codename: kids next door: operation v.i.d.e.o.g.a.m.e.,0.17,Platform,codename: kids next door: operation v.i.d.e.o.g.a.m.e.,49.0
cold fear,0.16999999999999998,Action,cold fear,68.33333333333333
cold war,0.02,Shooter,cold war,62.0
cold winter,0.11,Shooter,cold winter,73.0
colin mcrae rally 04,1.05,Racing,colin mcrae rally 04,84.0
colin mcrae rally 2.0,0.93,Racing,colin mcrae rally 2.0,84.33333333333333
colin mcrae rally 2005,0.07,Action,colin mcrae rally 2005,83.0
colin mcrae rally 3,1.44,Racing,colin mcrae rally 3,86.0
collar x malice,0.05,Action,collar x malice,74.0
college hoops 2k6,0.47,Sports,college hoops 2k6,76.33333333333333
college hoops 2k7,0.39,Sports,college hoops 2k7,78.66666666666667
college hoops 2k8,0.6699999999999999,Sports,college hoops 2k8,81.5
colony wars,0.42,Simulation,colony wars,91.0
colosseum: road to freedom,0.07,Role-Playing,colosseum: road to freedom,56.0
comanche 4,0.0,Simulation,comanche 4,74.0
combat elite: wwii paratroopers,0.09,Shooter,combat elite: wwii paratroopers,55.0
combat flight simulator 3: battle for europe,0.02,Simulation,combat flight simulator 3: battle for europe,69.0
combat mission: shock force,0.03,Strategy,combat mission: shock force,62.0
combat of giants: dinosaurs 3d,0.39,Strategy,combat of giants: dinosaurs 3d,44.0
combat: task force 121,0.07,Shooter,combat: task force 121,44.0
command & conquer 3: kane's wrath,0.26,Strategy,command & conquer 3: kane's wrath,76.0
command & conquer 3: tiberium wars,0.49,Strategy,command & conquer 3: tiberium wars,83.5
command & conquer 4: tiberian twilight,0.01,Strategy,command & conquer 4: tiberian twilight,64.0
command & conquer: generals,0.01,Strategy,command & conquer: generals,84.0
command & conquer: red alert,0.41,Strategy,command & conquer: red alert,90.0
command & conquer: red alert 2,1.34,Strategy,command & conquer: red alert 2,84.0
command & conquer: red alert 3,1.11,Strategy,command & conquer: red alert 3,78.0
command & conquer: the first decade,0.02,Strategy,command & conquer: the first decade,71.0
commander: conquest of the americas,0.03,Strategy,commander: conquest of the americas,68.0
commandos 2: men of courage,0.25,Strategy,commandos 2: men of courage,73.66666666666667
commandos 3: destination berlin,0.02,Strategy,commandos 3: destination berlin,72.0
company of heroes,0.04,Strategy,company of heroes,93.0
company of heroes: opposing fronts,0.04,Strategy,company of heroes: opposing fronts,87.0
company of heroes: tales of valor,0.04,Strategy,company of heroes: tales of valor,70.0
conan,0.53,Action,conan,69.0
conan exiles,0.27,Action-Adventure,conan exiles,66.66666666666667
conception ii: children of the seven stars,0.3,Role-Playing,conception ii: children of the seven stars,62.0
condemned 2: bloodshot,1.02,Adventure,condemned 2: bloodshot,81.0
conduit 2,0.12,Shooter,conduit 2,64.0
conflict zone,0.21,Strategy,conflict zone,53.0
conflict: denied ops,0.39,Shooter,conflict: denied ops,53.666666666666664
conflict: desert storm,2.52,Shooter,conflict: desert storm,60.666666666666664
conflict: global terror,0.29000000000000004,Shooter,conflict: global terror,61.666666666666664
conflict: vietnam,0.75,Shooter,conflict: vietnam,57.666666666666664
conker's bad fur day,0.77,Platform,conker's bad fur day,92.0
constantine,0.16999999999999998,Action,constantine,59.0
contact,0.1,Role-Playing,contact,73.0
contra 4,0.3,Shooter,contra 4,83.0
contra advance: the alien wars ex,0.11,Shooter,contra advance: the alien wars ex,70.0
contra: shattered soldier,0.58,Shooter,contra: shattered soldier,78.0
cookie & cream,0.02,Platform,cookie & cream,65.0
cooking mama,5.66,Simulation,cooking mama,67.0
cooking mama 2: dinner with friends,3.58,Simulation,cooking mama 2: dinner with friends,70.0
cooking mama 3: shop & chop,1.69,Simulation,cooking mama 3: shop & chop,65.0
cooking mama: cook off,2.89,Simulation,cooking mama: cook off,61.0
cooking mama: sweet shop,0.07,Simulation,cooking mama: sweet shop,56.0
cooking mama: world kitchen,0.87,Simulation,cooking mama: world kitchen,62.0
cool boarders 2001,0.74,Sports,cool boarders 2001,67.0
coraline,0.2,Adventure,coraline,42.0
corpse party,0.05,Adventure,corpse party,73.0
corpse party: blood drive,0.23,Adventure,corpse party: blood drive,60.0
corpse party: book of shadows,0.04,Adventure,corpse party: book of shadows,67.0
corvette,1.85,Racing,corvette,57.0
cossacks ii: napoleonic wars,0.0,Strategy,cossacks ii: napoleonic wars,73.0
cossacks: european wars,0.03,Strategy,cossacks: european wars,74.0
crackdown 2,1.12,Shooter,crackdown 2,70.0
cradle of rome,0.24,Puzzle,cradle of rome,63.0
cranium kabookii,0.14,Misc,cranium kabookii,64.0
crash 'n' burn,0.3,Racing,crash 'n' burn,64.0
crash bandicoot 2: n-tranced,1.36,Platform,crash bandicoot 2: n-tranced,75.0
crash bandicoot n. sane trilogy,6.59,Platform,crash bandicoot n. sane trilogy,78.25
crash bandicoot purple: ripto's rampage,0.64,Platform,crash bandicoot purple: ripto's rampage,67.0
crash bandicoot: the huge adventure,1.73,Platform,crash bandicoot: the huge adventure,78.0
crash bandicoot: the wrath of cortex,7.24,Platform,crash bandicoot: the wrath of cortex,66.0
crash bash,3.39,Misc,crash bash,68.0
crash boom bang!,0.09,Misc,crash boom bang!,37.0
crash nitro kart,2.98,Racing,crash nitro kart,68.33333333333333
crash of the titans,2.3,Action,crash of the titans,69.25
crash tag team racing,1.08,Racing,crash tag team racing,67.25
crash team racing,4.79,Racing,crash team racing,88.0
crash: mind over mutant,2.26,Platform,crash: mind over mutant,62.0
crazy machines 2,0.0,Puzzle,crazy machines 2,72.0
crazy taxi,4.82,Racing,crazy taxi,67.0
crazy taxi 2,0.07,Racing,crazy taxi 2,82.0
crazy taxi 3: high roller,0.2,Racing,crazy taxi 3: high roller,69.0
crazy taxi: catch a ride,0.3,Racing,crazy taxi: catch a ride,48.0
crazy taxi: fare wars,0.48,Racing,crazy taxi: fare wars,64.0
create,0.63,Misc,create,59.25
creed: rise to glory,0.19,Sports,creed: rise to glory,73.0
crime lab: body of evidence,0.07,Adventure,crime lab: body of evidence,53.0
crime life: gang wars,0.05,Action,crime life: gang wars,30.0
crime scene,0.02,Adventure,crime scene,54.0
criminal girls: invite only,0.07,Role-Playing,criminal girls: invite only,55.0
crimson gem saga,0.06,Role-Playing,crimson gem saga,78.0
crimson sea,0.09,Action,crimson sea,78.0
crimson sea 2,0.07,Action,crimson sea 2,75.0
crimson skies,0.0,Simulation,crimson skies,83.0
crimson skies: high road to revenge,0.87,Simulation,crimson skies: high road to revenge,88.0
crimson tears,0.03,Role-Playing,crimson tears,62.0
cross edge,0.23,Role-Playing,cross edge,52.0
crosswords,0.55,Puzzle,crosswords,67.0
"crouching tiger, hidden dragon",0.17,Action,"crouching tiger, hidden dragon",53.333333333333336
cruis'n,0.12,Racing,cruis'n,25.0
cruis'n exotica,0.21,Racing,cruis'n exotica,43.0
cruis'n velocity,0.0,Racing,cruis'n velocity,53.0
crush,0.08,Puzzle,crush,83.0
crush3d,0.15,Platform,crush3d,71.0
crusty demons,0.01,Racing,crusty demons,51.0
crysis 2,3.43,Shooter,crysis 2,85.0
crysis 3,1.83,Shooter,crysis 3,76.33333333333333
crystar,0.02,Role-Playing,crystar,67.0
csi: crime scene investigation,0.12,Adventure,csi: crime scene investigation,53.0
csi: miami,0.0,Adventure,csi: miami,54.0
ct special forces,0.03,Action,ct special forces,71.0
ct special forces 2: back in the trenches,0.01,Shooter,ct special forces 2: back in the trenches,76.0
cube,0.02,Puzzle,cube,60.0
cubic ninja,0.1,Platform,cubic ninja,51.0
cubivore: survival of the fittest,0.17,Adventure,cubivore: survival of the fittest,71.0
culdcept,0.31999999999999995,Strategy,culdcept,78.0
culdcept revolt,0.07,Strategy,culdcept revolt,74.0
culdcept saga,0.16,Role-Playing,culdcept saga,75.0
curious george,0.45999999999999996,Action,curious george,55.0
curse: the eye of isis,0.01,Adventure,curse: the eye of isis,61.0
cursed mountain,0.21,Adventure,cursed mountain,67.0
custom robo,0.7,Fighting,custom robo,65.0
custom robo arena,0.16,Fighting,custom robo arena,74.0
cy girls,0.04,Action,cy girls,53.0
cyberdimension neptunia: 4 goddesses online,0.14,Role-Playing,cyberdimension neptunia: 4 goddesses online,71.0
d1 professional drift grand prix series,0.03,Racing,d1 professional drift grand prix series,45.0
dai senryaku vii: modern military tactics,0.04,Strategy,dai senryaku vii: modern military tactics,74.0
dakar 18,0.07,Racing,dakar 18,55.333333333333336
damage inc.: pacific squadron wwii,0.07,Simulation,damage inc.: pacific squadron wwii,49.0
damnation,0.17,Shooter,damnation,37.666666666666664
dance central 2,2.04,Music,dance central 2,86.0
dance central 3,0.83,Music,dance central 3,86.0
dance dance revolution disney mix,0.04,Simulation,dance dance revolution disney mix,74.0
dance dance revolution extreme,2.13,Simulation,dance dance revolution extreme,77.0
dance dance revolution extreme 2,1.14,Simulation,dance dance revolution extreme 2,76.0
dance dance revolution supernova,1.04,Simulation,dance dance revolution supernova,73.0
dance dance revolution supernova 2,0.79,Simulation,dance dance revolution supernova 2,70.0
dance dance revolution ultramix,0.54,Simulation,dance dance revolution ultramix,82.0
dance dance revolution ultramix 2,0.42,Simulation,dance dance revolution ultramix 2,78.0
dance dance revolution ultramix 3,0.38,Simulation,dance dance revolution ultramix 3,75.0
dance dance revolution universe,0.32,Simulation,dance dance revolution universe,74.0
dance dance revolution universe 2,0.5,Simulation,dance dance revolution universe 2,65.0
dance dance revolution: disney channel edition,0.24,Simulation,dance dance revolution: disney channel edition,61.0
dance dance revolution: hottest party 2,1.58,Simulation,dance dance revolution: hottest party 2,69.0
dance dance revolution: mario mix,0.47,Simulation,dance dance revolution: mario mix,69.0
dance factory,0.03,Action,dance factory,56.0
dance paradise,0.12,Misc,dance paradise,59.0
dancemasters,0.2,Misc,dancemasters,63.0
danganronpa 1-2 reload,0.12,Adventure,danganronpa 1-2 reload,83.0
danganronpa 2: goodbye despair,0.37,Adventure,danganronpa 2: goodbye despair,81.0
danganronpa another episode: ultra despair girls,0.26,Shooter,danganronpa another episode: ultra despair girls,69.5
danganronpa v3: killing harmony,0.43,Adventure,danganronpa v3: killing harmony,80.5
danganronpa: trigger happy havoc,0.5800000000000001,Adventure,danganronpa: trigger happy havoc,81.0
dangerous waters,0.01,Simulation,dangerous waters,82.0
dante's inferno,2.2,Action,dante's inferno,72.66666666666667
daredevil,0.0,Action,daredevil,50.0
dark,0.0,Platform,dark,39.5
dark angel: vampire apocalypse,0.09,Role-Playing,dark angel: vampire apocalypse,53.0
dark arena,0.04,Shooter,dark arena,65.0
dark cloud,1.54,Role-Playing,dark cloud,80.0
dark cloud 2,0.96,Role-Playing,dark cloud 2,87.0
dark fall 3: lost souls,0.01,Adventure,dark fall 3: lost souls,75.0
dark fall: the journal,0.0,Adventure,dark fall: the journal,68.0
dark horizon,0.0,Simulation,dark horizon,55.0
dark rose valkyrie,0.09,Role-Playing,dark rose valkyrie,58.0
dark sector,0.95,Shooter,dark sector,70.0
dark souls,2.05,Role-Playing,dark souls,89.0
dark souls ii,2.04,Role-Playing,dark souls ii,91.0
dark summit,0.36,Sports,dark summit,68.66666666666667
dark void,0.6799999999999999,Action,dark void,58.333333333333336
darkened skye,0.01,Adventure,darkened skye,63.0
darkest dungeon,0.07,Role-Playing,darkest dungeon,84.0
darkest of days,0.1,Shooter,darkest of days,47.5
darksiders,1.49,Action,darksiders,82.66666666666667
darksiders ii,1.8,Action-Adventure,darksiders ii,83.25
darksiders ii: deathinitive edition,0.32,Action-Adventure,darksiders ii: deathinitive edition,74.66666666666667
darksiders iii,0.38,Action,darksiders iii,67.66666666666667
darksiders: warmastered edition,0.18,Action-Adventure,darksiders: warmastered edition,79.33333333333333
darkspore,0.11,Role-Playing,darkspore,65.0
darkstalkers chronicle: the chaos tower,0.15,Fighting,darkstalkers chronicle: the chaos tower,74.0
darkstalkers resurrection,0.04,Fighting,darkstalkers resurrection,81.0
darkstar one,0.03,Simulation,darkstar one,71.0
darkstar one: broken alliance,0.2,Simulation,darkstar one: broken alliance,63.0
darkstone,0.66,Role-Playing,darkstone,58.0
darkwatch,0.53,Shooter,darkwatch,74.5
dave mirra bmx challenge,0.14,Sports,dave mirra bmx challenge,32.0
dave mirra freestyle bmx,1.05,Sports,dave mirra freestyle bmx,76.0
dave mirra freestyle bmx 2,2.05,Sports,dave mirra freestyle bmx 2,80.0
dave mirra freestyle bmx 3,0.03,Sports,dave mirra freestyle bmx 3,78.0
dave mirra freestyle bmx: maximum remix,0.27,Sports,dave mirra freestyle bmx: maximum remix,67.0
david beckham soccer,0.0,Sports,david beckham soccer,34.0
davis cup tennis,0.02,Sports,davis cup tennis,59.0
dawn of discovery,0.67,Simulation,dawn of discovery,81.66666666666667
dawn of discovery: venice,0.01,Simulation,dawn of discovery: venice,78.0
dawn of magic,0.0,Role-Playing,dawn of magic,52.0
day of defeat,0.0,Shooter,day of defeat,79.0
daytona usa,0.55,Racing,daytona usa,78.0
dc universe online,0.74,MMO,dc universe online,69.5
de blob 2,0.6799999999999999,Platform,de blob 2,74.83333333333333
dead alliance,0.08,Shooter,dead alliance,43.0
dead by daylight,0.33999999999999997,Action,dead by daylight,63.5
dead cells,0.16,Action,dead cells,89.0
dead head fred,0.04,Action,dead head fred,75.0
dead island,4.67,Action,dead island,74.0
dead island: riptide,1.4300000000000002,Misc,dead island: riptide,60.0
dead man's hand,0.11,Shooter,dead man's hand,62.5
dead or alive,0.46,Fighting,dead or alive,84.0
dead or alive 5,0.98,Fighting,dead or alive 5,75.0
dead or alive 5 last round,0.44999999999999996,Fighting,dead or alive 5 last round,70.66666666666667
dead or alive 5 plus,0.1,Fighting,dead or alive 5 plus,80.0
dead or alive paradise,0.2,Misc,dead or alive paradise,38.0
dead or alive ultimate,0.5,Fighting,dead or alive ultimate,83.0
dead or alive xtreme 2,0.25,Sports,dead or alive xtreme 2,53.0
dead or alive xtreme 3: fortune,0.06,Sports,dead or alive xtreme 3: fortune,43.0
dead or alive xtreme beach volleyball,0.59,Sports,dead or alive xtreme beach volleyball,73.0
dead reefs,0.0,Adventure,dead reefs,51.0
dead rising,0.12,Action,dead rising,85.0
dead rising 2,2.97,Action,dead rising 2,79.0
dead rising 2: off the record,0.5900000000000001,Action,dead rising 2: off the record,70.0
dead rising 4: frank's big package,0.16,Action-Adventure,dead rising 4: frank's big package,72.0
dead rising: chop till you drop,0.29,Action,dead rising: chop till you drop,61.0
dead space,3.9899999999999998,Shooter,dead space,88.5
dead space 2,3.27,Shooter,dead space 2,88.66666666666667
dead space 3,2.21,Shooter,dead space 3,77.33333333333333
dead to rights,2.24,Shooter,dead to rights,72.5
dead to rights ii,0.31,Shooter,dead to rights ii,52.5
dead to rights: reckoning,0.13,Shooter,dead to rights: reckoning,54.0
dead to rights: retribution,0.49,Shooter,dead to rights: retribution,60.5
deadfall adventures,0.01,Shooter,deadfall adventures,48.0
deadliest catch: sea of chaos,0.29,Sports,deadliest catch: sea of chaos,48.0
deadly creatures,0.22,Action,deadly creatures,72.0
deadly premonition,0.26,Action,deadly premonition,68.0
deadly premonition: the director's cut,0.16,Action,deadly premonition: the director's cut,64.5
deadpool,1.5999999999999999,Action,deadpool,61.5
death by degrees,0.1,Action,death by degrees,51.0
death end re;quest,0.03,Role-Playing,death end re;quest,71.0
death jr.,0.19,Platform,death jr.,61.0
death jr. and the science fair of doom,0.08,Platform,death jr. and the science fair of doom,47.0
death jr. ii: root of evil,0.05,Platform,death jr. ii: root of evil,68.0
death jr.: root of evil,0.11,Platform,death jr.: root of evil,71.0
death to spies,0.0,Adventure,death to spies,69.0
deathsmiles,0.28,Shooter,deathsmiles,77.0
deca sports 2,0.8,Sports,deca sports 2,49.0
deca sports 3,0.23,Sports,deca sports 3,41.0
deca sports ds,0.1,Sports,deca sports ds,57.0
deca sports freedom,0.33,Sports,deca sports freedom,26.0
deception iv: blood ties,0.27,Action,deception iv: blood ties,68.5
deception iv: the nightmare princess,0.01,Action,deception iv: the nightmare princess,69.0
def jam rapstar,0.98,Misc,def jam rapstar,74.5
def jam vendetta,2.19,Fighting,def jam vendetta,80.5
def jam: fight for ny,2.52,Fighting,def jam: fight for ny,83.5
defender,1.6600000000000001,Shooter,defender,60.6
defender of the crown,0.0,Strategy,defender of the crown,72.0
defenders of ardania,0.01,Strategy,defenders of ardania,55.0
defiance,1.16,Action,defiance,61.0
delta force: black hawk down,0.8,Shooter,delta force: black hawk down,65.33333333333333
dementium ii,0.11,Shooter,dementium ii,75.0
dementium: the ward,0.17,Shooter,dementium: the ward,72.0
demigod,0.02,Strategy,demigod,76.0
demikids: light version,0.02,Role-Playing,demikids: light version,62.0
demon gaze,0.17,Misc,demon gaze,70.0
descent 3,0.0,Shooter,descent 3,89.0
desperados: wanted dead or alive,0.0,Strategy,desperados: wanted dead or alive,78.0
despicable me: the game - minion mayhem,0.45,Puzzle,despicable me: the game - minion mayhem,54.0
destiny,12.78,Shooter,destiny,75.5
destiny 2,6.6499999999999995,Shooter,destiny 2,85.0
destiny 2: forsaken,0.51,Shooter,destiny 2: forsaken,84.0
destiny: the taken king,4.28,Shooter,destiny: the taken king,87.5
destroy all humans!,1.4,Adventure,destroy all humans!,70.83333333333333
destroy all humans! 2,0.48,Adventure,destroy all humans! 2,74.0
destroy all humans! big willy unleashed,0.13,Action,destroy all humans! big willy unleashed,53.0
destroy all humans! path of the furon,0.22,Action,destroy all humans! path of the furon,34.0
destroyer command,0.0,Strategy,destroyer command,51.0
destruction derby arenas,0.13,Racing,destruction derby arenas,57.0
destruction derby raw,0.14,Racing,destruction derby raw,69.0
detective pikachu,0.47,Adventure,detective pikachu,71.0
deus ex,0.01,Shooter,deus ex,90.0
deus ex: human revolution,3.4499999999999997,Shooter,deus ex: human revolution,89.33333333333333
deus ex: invisible war,0.33,Shooter,deus ex: invisible war,82.0
deus ex: mankind divided,1.1099999999999999,Role-Playing,deus ex: mankind divided,83.33333333333333
deus ex: the conspiracy,0.21,Action,deus ex: the conspiracy,81.0
devil kings,0.25,Action,devil kings,64.0
devil may cry 4,2.92,Action,devil may cry 4,82.0
devil may cry hd collection,0.25,Action,devil may cry hd collection,70.5
devil's third,0.05,Action,devil's third,43.0
dewy's adventure,0.16,Platform,dewy's adventure,67.0
diablo,0.58,Role-Playing,diablo,94.0
diablo iii: eternal collection,0.67,Action,diablo iii: eternal collection,88.0
diablo iii: ultimate evil edition,3.86,Role-Playing,diablo iii: ultimate evil edition,88.0
dice: dna integrated cybernetic enterprises,0.03,Shooter,dice: dna integrated cybernetic enterprises,48.0
die hard: vendetta,0.12,Shooter,die hard: vendetta,54.0
dig dug,2.05,Puzzle,dig dug,65.0
dig dug: digging strike,0.06,Puzzle,dig dug: digging strike,65.0
digimon all-star rumble,0.16,Fighting,digimon all-star rumble,49.0
digimon racing,0.13,Racing,digimon racing,62.0
digimon rumble arena 2,0.15,Fighting,digimon rumble arena 2,64.0
digimon world 4,0.27,Role-Playing,digimon world 4,48.0
digimon world: next order,0.35,Role-Playing,digimon world: next order,68.0
dillon's dead-heat breakers,0.0,Action,dillon's dead-heat breakers,69.0
diner dash: sizzle & serve,0.5,Puzzle,diner dash: sizzle & serve,59.5
dino crisis 2,0.0,Action,dino crisis 2,86.0
dino crisis 3,0.14,Action,dino crisis 3,51.0
dino dini's kick off revival,0.03,Sports,dino dini's kick off revival,31.0
dino stalker,0.22,Shooter,dino stalker,50.0
dinotopia: the sunstone odyssey,0.03,Action,dinotopia: the sunstone odyssey,44.0
dinotopia: the timestone pirates,0.19,Action,dinotopia: the timestone pirates,64.0
diplomacy,0.0,Strategy,diplomacy,58.0
dirge of cerberus: final fantasy vii,0.97,Shooter,dirge of cerberus: final fantasy vii,57.0
dirt,1.94,Racing,dirt,83.33333333333333
dirt 2,2.65,Racing,dirt 2,73.66666666666667
dirt 3,1.92,Racing,dirt 3,86.66666666666667
dirt 4,0.73,Racing,dirt 4,83.0
dirt rally,0.76,Racing,dirt rally,85.66666666666667
dirt showdown,0.41000000000000003,Racing,dirt showdown,74.0
disaster report,0.21,Action,disaster report,66.0
disgaea 1 complete,0.13,Role-Playing,disgaea 1 complete,79.5
disgaea 2: cursed memories,0.33,Role-Playing,disgaea 2: cursed memories,84.0
disgaea 2: dark hero days,0.25,Role-Playing,disgaea 2: dark hero days,83.0
disgaea 3: absence of detention,0.29,Role-Playing,disgaea 3: absence of detention,78.0
disgaea 3: absence of justice,0.55,Role-Playing,disgaea 3: absence of justice,78.0
disgaea 4: a promise unforgotten,0.74,Role-Playing,disgaea 4: a promise unforgotten,80.0
disgaea ds,0.18,Role-Playing,disgaea ds,82.0
disgaea infinite,0.1,Adventure,disgaea infinite,64.0
disgaea: afternoon of darkness,0.24,Role-Playing,disgaea: afternoon of darkness,87.0
disgaea: hour of darkness,0.33,Role-Playing,disgaea: hour of darkness,84.0
dishonored,3.27,Shooter,dishonored,89.33333333333333
dishonored 2,3.09,Action,dishonored 2,87.33333333333333
dishonored: death of the outsider,0.47000000000000003,Action,dishonored: death of the outsider,82.33333333333333
dishonored: definitive edition,0.61,Action,dishonored: definitive edition,78.0
disney art academy,0.2,Misc,disney art academy,72.0
disney epic mickey 2: the power of two,2.2199999999999998,Platform,disney epic mickey 2: the power of two,58.333333333333336
disney epic mickey: the power of illusion,0.03,Platform,disney epic mickey: the power of illusion,63.0
disney golf,0.17,Sports,disney golf,72.0
disney guilty party,0.45,Misc,disney guilty party,78.0
disney infinity,5.28,Misc,disney infinity,73.33333333333333
disney sing it,2.52,Misc,disney sing it,53.5
disney sports football,0.04,Sports,disney sports football,59.0
disney sports skateboarding,0.13,Sports,disney sports skateboarding,36.0
disney sports snowboarding,0.0,Sports,disney sports snowboarding,59.0
disney sports soccer,0.06,Sports,disney sports soccer,75.0
disney universe,2.25,Action,disney universe,65.66666666666667
disney's a christmas carol,0.24,Adventure,disney's a christmas carol,66.0
disney's aladdin,0.03,Platform,disney's aladdin,59.0
disney's aladdin in nasira's revenge,0.09,Action,disney's aladdin in nasira's revenge,61.0
disney's atlantis: the lost empire,0.29000000000000004,Adventure,disney's atlantis: the lost empire,73.0
disney's chicken little,1.76,Platform,disney's chicken little,65.0
disney's chicken little: ace in action,0.16,Shooter,disney's chicken little: ace in action,69.0
disney's cinderella: magical dreams,0.14,Platform,disney's cinderella: magical dreams,69.0
disney's donald duck: goin' quackers,0.37,Platform,disney's donald duck: goin' quackers,68.33333333333333
disney's extreme skate adventure,0.8300000000000001,Sports,disney's extreme skate adventure,76.66666666666667
disney's kim possible 2: drakken's demise,0.66,Platform,disney's kim possible 2: drakken's demise,77.0
disney's kim possible: kimmunicator,0.13,Platform,disney's kim possible: kimmunicator,61.0
disney's lilo & stitch,1.08,Action,disney's lilo & stitch,67.0
disney's magical mirror starring mickey mouse,0.19,Adventure,disney's magical mirror starring mickey mouse,50.0
disney's magical quest 2 starring mickey and minnie,0.06,Action,disney's magical quest 2 starring mickey and minnie,63.0
disney's magical quest 3 starring mickey and donald,0.02,Action,disney's magical quest 3 starring mickey and donald,58.0
disney's meet the robinsons,0.33,Action,disney's meet the robinsons,64.66666666666667
disney's pk: out of the shadows,0.16999999999999998,Platform,disney's pk: out of the shadows,47.5
disney's stitch: experiment 626,0.31,Action,disney's stitch: experiment 626,59.0
disney's tarzan untamed,0.59,Platform,disney's tarzan untamed,60.0
disney's tarzan: return to the jungle,0.35,Action,disney's tarzan: return to the jungle,68.0
disney's the emperor's new groove,0.31,Platform,disney's the emperor's new groove,66.0
disneyland adventures,0.07,Action-Adventure,disneyland adventures,67.0
dissidia 012: duodecim final fantasy,0.89,Fighting,dissidia 012: duodecim final fantasy,78.0
divine divinity,0.0,Role-Playing,divine divinity,81.0
divinity ii: ego draconis,0.31,Role-Playing,divinity ii: ego draconis,67.0
divinity ii: the dragon knight saga,0.13,Role-Playing,divinity ii: the dragon knight saga,77.0
divinity: original sin,0.44000000000000006,Role-Playing,divinity: original sin,87.0
divinity: original sin ii,0.16,Role-Playing,divinity: original sin ii,93.0
dj hero,3.0900000000000003,Misc,dj hero,85.66666666666667
dj hero 2,2.23,Misc,dj hero 2,86.66666666666667
dj star,0.02,Misc,dj star,66.0
dk: king of swing,0.24,Platform,dk: king of swing,70.0
doctor lautrec and the forgotten knights,0.17,Adventure,doctor lautrec and the forgotten knights,53.0
dodonpachi resurrection,0.05,Shooter,dodonpachi resurrection,77.0
dog's life,0.42,Adventure,dog's life,64.0
dogz,1.19,Simulation,dogz,48.0
dokapon journey,0.05,Role-Playing,dokapon journey,60.0
dokapon kingdom,0.24,Role-Playing,dokapon kingdom,67.0
doki-doki universe,0.01,Misc,doki-doki universe,66.33333333333333
dokuro,0.01,Misc,dokuro,76.0
don king boxing,0.34,Sports,don king boxing,55.0
don't knock twice,0.03,Adventure,don't knock twice,56.0
don't starve,0.05,Adventure,don't starve,79.0
don't starve: giant edition,0.04,Adventure,don't starve: giant edition,75.0
donkey kong country 2,1.23,Platform,donkey kong country 2,80.0
donkey kong country 3,0.77,Platform,donkey kong country 3,77.0
donkey kong jungle beat,1.34,Platform,donkey kong jungle beat,80.0
donkey konga 2,0.39,Misc,donkey konga 2,69.0
doom,0.9600000000000001,Shooter,doom,83.16666666666667
doom 3,1.34,Shooter,doom 3,87.5
doom 3 bfg edition,1.06,Misc,doom 3 bfg edition,67.0
doom 3: resurrection of evil,0.71,Shooter,doom 3: resurrection of evil,77.5
doom 64,0.47,Shooter,doom 64,75.5
doom ii,3.65,Shooter,doom ii,77.0
doom vfr,0.56,Shooter,doom vfr,70.0
double dragon,0.47,Action,double dragon,57.0
double dragon advance,0.05,Action,double dragon advance,75.0
downforce,0.05,Racing,downforce,69.0
downhill domination,0.47,Racing,downhill domination,79.0
downstream panic!,0.03,Action,downstream panic!,77.0
dr. mario / puzzle league,0.33,Puzzle,dr. mario / puzzle league,74.0
dr. mario 64,0.42,Puzzle,dr. mario 64,71.0
dr. muto,0.25,Platform,dr. muto,70.0
dr. seuss' the cat in the hat,0.67,Adventure,dr. seuss' the cat in the hat,40.0
dr. sudoku,0.01,Puzzle,dr. sudoku,68.0
dracula: origin,0.0,Adventure,dracula: origin,70.0
draglade,0.1,Fighting,draglade,71.0
dragon age ii,2.58,Role-Playing,dragon age ii,81.0
dragon age: inquisition,5.25,Role-Playing,dragon age: inquisition,86.33333333333333
dragon age: origins,4.73,Role-Playing,dragon age: origins,88.0
dragon ball gt: transformation,0.28,Action,dragon ball gt: transformation,69.0
dragon ball z for kinect,0.01,Misc,dragon ball z for kinect,49.0
dragon ball z: battle of z,0.51,Fighting,dragon ball z: battle of z,57.666666666666664
dragon ball z: budokai,0.69,Fighting,dragon ball z: budokai,66.0
dragon ball z: budokai 2,0.27,Fighting,dragon ball z: budokai 2,66.0
dragon ball z: budokai tenkaichi 2,0.29,Fighting,dragon ball z: budokai tenkaichi 2,72.5
dragon ball z: budokai tenkaichi 3,1.03,Fighting,dragon ball z: budokai tenkaichi 3,72.5
dragon ball z: burst limit,1.3399999999999999,Fighting,dragon ball z: burst limit,71.5
dragon ball z: buu's fury,0.61,Action,dragon ball z: buu's fury,62.0
dragon ball z: extreme butoden,0.35,Fighting,dragon ball z: extreme butoden,61.0
dragon ball z: harukanaru densetsu,0.2,Role-Playing,dragon ball z: harukanaru densetsu,57.0
dragon ball z: infinite world,0.36,Fighting,dragon ball z: infinite world,48.0
dragon ball z: sagas,0.91,Fighting,dragon ball z: sagas,49.333333333333336
dragon ball z: supersonic warriors,0.51,Fighting,dragon ball z: supersonic warriors,73.0
dragon ball z: supersonic warriors 2,0.49,Fighting,dragon ball z: supersonic warriors 2,66.0
dragon ball z: taiketsu,1.08,Fighting,dragon ball z: taiketsu,40.0
dragon ball z: tenkaichi tag team,0.27,Fighting,dragon ball z: tenkaichi tag team,63.0
dragon ball z: the legacy of goku,1.69,Role-Playing,dragon ball z: the legacy of goku,53.0
dragon ball z: the legacy of goku ii,1.09,Role-Playing,dragon ball z: the legacy of goku ii,75.0
dragon ball z: ultimate tenkaichi,1.1600000000000001,Fighting,dragon ball z: ultimate tenkaichi,56.5
dragon ball: advanced adventure,0.04,Action,dragon ball: advanced adventure,75.0
dragon ball: evolution,0.1,Fighting,dragon ball: evolution,28.0
dragon ball: fusions,0.54,Role-Playing,dragon ball: fusions,72.0
dragon ball: origins,0.12,Adventure,dragon ball: origins,78.0
dragon ball: origins 2,0.16,Action,dragon ball: origins 2,70.0
dragon ball: raging blast,1.28,Fighting,dragon ball: raging blast,56.5
dragon ball: raging blast 2,1.47,Fighting,dragon ball: raging blast 2,58.5
dragon ball: revenge of king piccolo,0.2,Action,dragon ball: revenge of king piccolo,65.0
dragon ball: xenoverse,0.28,Fighting,dragon ball: xenoverse,68.0
dragon blade: wrath of fire,0.18,Action,dragon blade: wrath of fire,51.0
dragon booster,0.02,Shooter,dragon booster,33.0
dragon quest builders 2,0.29000000000000004,Adventure,dragon quest builders 2,85.33333333333333
dragon quest viii: journey of the cursed king,1.15,Role-Playing,dragon quest viii: journey of the cursed king,87.0
dragon quest xi: echoes of an elusive age,2.04,Role-Playing,dragon quest xi: echoes of an elusive age,86.0
dragon rage,0.06,Shooter,dragon rage,50.0
dragon star varnir,0.02,Role-Playing,dragon star varnir,69.5
dragon valor,0.07,Role-Playing,dragon valor,57.0
dragon's crown,0.89,Role-Playing,dragon's crown,79.5
dragon's crown pro,0.19,Role-Playing,dragon's crown pro,80.0
dragon's dogma,2.56,Role-Playing,dragon's dogma,76.5
dragon's dogma: dark arisen,0.25,Role-Playing,dragon's dogma: dark arisen,79.0
dragon's lair,0.02,Adventure,dragon's lair,41.0
dragon's lair 3d: return to the lair,0.09,Platform,dragon's lair 3d: return to the lair,61.0
dragoneer's aria,0.07,Role-Playing,dragoneer's aria,56.0
drakan: the ancients' gates,0.26,Adventure,drakan: the ancients' gates,78.0
drake of the 99 dragons,0.07,Shooter,drake of the 99 dragons,22.0
drakengard 3,0.32,Misc,drakengard 3,61.0
drakensang: the dark eye,0.04,Role-Playing,drakensang: the dark eye,75.0
drawn to life,0.78,Adventure,drawn to life,73.0
drawn to life: spongebob squarepants edition,1.48,Adventure,drawn to life: spongebob squarepants edition,68.0
drawn to life: the next chapter,1.4,Puzzle,drawn to life: the next chapter,65.0
dream chronicles,0.02,Adventure,dream chronicles,33.5
dream pinball 3d,0.17,Misc,dream pinball 3d,54.0
dream trigger 3d,0.07,Shooter,dream trigger 3d,54.0
dreamcast collection,0.24,Misc,dreamcast collection,53.0
dreamfall: the longest journey,0.04,Adventure,dreamfall: the longest journey,74.0
drill dozer,0.05,Platform,drill dozer,81.0
driv3r,2.02,Racing,driv3r,48.0
driveclub vr,0.27,Racing,driveclub vr,66.0
driven,0.26,Racing,driven,53.666666666666664
driver,6.27,Action,driver,87.0
driver '76,0.24,Racing,driver '76,57.0
driver 2,4.73,Action,driver 2,62.0
driver 2 advance,0.34,Action,driver 2 advance,73.0
driver: parallel lines,0.38,Racing,driver: parallel lines,65.66666666666667
driver: renegade,0.09,Racing,driver: renegade,48.0
driver: san francisco,2.01,Racing,driver: san francisco,75.75
driving emotion type-s,0.18,Racing,driving emotion type-s,55.0
drome racers,0.19,Racing,drome racers,65.0
drone tactics,0.02,Strategy,drone tactics,74.0
dropship: united peace force,0.1,Simulation,dropship: united peace force,78.0
dual blades,0.0,Fighting,dual blades,61.0
dual hearts,0.05,Role-Playing,dual hearts,70.0
dualpensports,0.11,Sports,dualpensports,58.0
ducati world racing challenge,0.03,Racing,ducati world racing challenge,55.0
duel masters,0.27,Strategy,duel masters,66.0
duel masters: kaijudo showdown,0.22,Misc,duel masters: kaijudo showdown,66.0
duel masters: sempai legends,0.29,Misc,duel masters: sempai legends,69.0
duke nukem 3d: 20th anniversary world tour,0.18,Shooter,duke nukem 3d: 20th anniversary world tour,74.5
duke nukem 64,0.44,Shooter,duke nukem 64,73.0
duke nukem advance,0.01,Shooter,duke nukem advance,81.0
duke nukem forever,1.5899999999999999,Shooter,duke nukem forever,51.333333333333336
duke nukem: land of the babes,0.08,Shooter,duke nukem: land of the babes,37.0
dungeon explorer: warriors of ancient arts,0.06999999999999999,Role-Playing,dungeon explorer: warriors of ancient arts,58.0
dungeon maker: hunting ground,0.03,Role-Playing,dungeon maker: hunting ground,70.0
dungeon siege ii,0.02,Role-Playing,dungeon siege ii,80.0
dungeon siege ii: broken world,0.01,Role-Playing,dungeon siege ii: broken world,62.0
dungeon siege iii,0.76,Role-Playing,dungeon siege iii,71.66666666666667
dungeon siege: legends of aranna,0.0,Role-Playing,dungeon siege: legends of aranna,73.0
dungeon siege: throne of agony,0.16,Role-Playing,dungeon siege: throne of agony,74.0
dungeon travelers 2: the royal library & the monster seal,0.2,Role-Playing,dungeon travelers 2: the royal library & the monster seal,73.0
dungeons,0.09,Strategy,dungeons,65.0
dungeons & dragons heroes,0.26,Role-Playing,dungeons & dragons heroes,72.0
dungeons & dragons tactics,0.1,Strategy,dungeons & dragons tactics,58.0
dungeons & dragons: chronicles of mystara,0.02,Fighting,dungeons & dragons: chronicles of mystara,79.25
dungeons & dragons: daggerdale,0.0,Role-Playing,dungeons & dragons: daggerdale,47.5
dungeons & dragons: eye of the beholder,0.26,Role-Playing,dungeons & dragons: eye of the beholder,57.0
dungeons 2,0.02,Role-Playing,dungeons 2,65.5
dungeons 3,0.06,Strategy,dungeons 3,75.0
dying light,3.92,Action,dying light,74.33333333333333
dynasty tactics,0.29,Strategy,dynasty tactics,79.0
dynasty tactics 2,0.11,Strategy,dynasty tactics 2,78.0
dynasty warriors,0.78,Action,dynasty warriors,62.0
dynasty warriors 2,0.83,Action,dynasty warriors 2,75.0
dynasty warriors 3,0.08,Action,dynasty warriors 3,74.0
dynasty warriors 3: xtreme legends,1.0,Action,dynasty warriors 3: xtreme legends,72.0
dynasty warriors 4,0.16,Action,dynasty warriors 4,76.5
dynasty warriors 4: xtreme legends,0.86,Action,dynasty warriors 4: xtreme legends,72.0
dynasty warriors 5,0.05,Action,dynasty warriors 5,67.5
dynasty warriors 5 empires,0.47000000000000003,Action,dynasty warriors 5 empires,61.5
dynasty warriors 5: xtreme legends,0.57,Action,dynasty warriors 5: xtreme legends,57.0
dynasty warriors 6,1.26,Action,dynasty warriors 6,54.0
dynasty warriors 6 empires,0.5800000000000001,Action,dynasty warriors 6 empires,60.5
dynasty warriors 7,1.15,Action,dynasty warriors 7,57.5
dynasty warriors 8,0.61,Misc,dynasty warriors 8,66.5
dynasty warriors 9,0.45,Action,dynasty warriors 9,59.333333333333336
dynasty warriors advance,0.11,Action,dynasty warriors advance,56.0
dynasty warriors ds: fighter's battle,0.07,Action,dynasty warriors ds: fighter's battle,56.0
dynasty warriors next,0.26,Action,dynasty warriors next,67.0
dynasty warriors vol. 2,0.05,Action,dynasty warriors vol. 2,57.0
dynasty warriors: godseekers,0.06,Strategy,dynasty warriors: godseekers,70.0
dynasty warriors: gundam 2,1.02,Action,dynasty warriors: gundam 2,51.666666666666664
dynasty warriors: gundam 3,0.72,Action,dynasty warriors: gundam 3,61.5
dynasty warriors: strikeforce,0.97,Action,dynasty warriors: strikeforce,62.666666666666664
ea playground,1.62,Sports,ea playground,63.0
ea replay,0.12,Action,ea replay,56.0
ea sports active 2,2.6,Sports,ea sports active 2,75.0
ea sports mma,0.72,Fighting,ea sports mma,78.0
ea sports ufc,1.59,Fighting,ea sports ufc,70.0
ea sports ufc 2,1.92,Sports,ea sports ufc 2,77.5
ea sports ufc 3,1.41,Sports,ea sports ufc 3,76.0
eagle flight,0.2,Adventure,eagle flight,73.5
earth 2160,0.0,Strategy,earth 2160,73.0
earth defense force 2017,0.08,Shooter,earth defense force 2017,69.0
earth defense force 2017 portable,0.06,Shooter,earth defense force 2017 portable,68.0
earth defense force 2025,0.51,Shooter,earth defense force 2025,68.5
earth defense force 2: invaders from planet space,0.09,Action,earth defense force 2: invaders from planet space,72.0
earth defense force 4.1: the shadow of new despair,0.19,Shooter,earth defense force 4.1: the shadow of new despair,64.0
earth defense force: insect armageddon,0.39,Shooter,earth defense force: insect armageddon,66.66666666666667
earth's dawn,0.02,Action,earth's dawn,68.0
earthfall,0.07,Action-Adventure,earthfall,57.5
earthworm jim,0.29,Platform,earthworm jim,70.5
earthworm jim 2,0.03,Platform,earthworm jim 2,45.0
east india company,0.04,Strategy,east india company,67.0
eat lead: the return of matt hazard,0.25,Shooter,eat lead: the return of matt hazard,52.0
ecco the dolphin,0.12,Adventure,ecco the dolphin,53.0
ecco the dolphin: defender of the future,0.14,Adventure,ecco the dolphin: defender of the future,77.5
echo night beyond,0.04,Adventure,echo night beyond,60.0
echochrome,0.09,Puzzle,echochrome,80.0
echoshift,0.0,Puzzle,echoshift,75.0
ecw anarchy rulz,0.11,Fighting,ecw anarchy rulz,40.5
egg mania: eggstreme madness,0.05,Puzzle,egg mania: eggstreme madness,62.0
el shaddai: ascension of the metatron,0.44000000000000006,Action,el shaddai: ascension of the metatron,76.5
el tigre: the adventures of manny rivera,0.09,Platform,el tigre: the adventures of manny rivera,62.0
elebits,0.32,Action,elebits,75.0
elebits: the adventures of kai and zero,0.08,Adventure,elebits: the adventures of kai and zero,75.0
electroplankton,0.03,Misc,electroplankton,71.0
elemental gearbolt,0.06,Shooter,elemental gearbolt,76.0
elements of destruction,0.07,Strategy,elements of destruction,65.0
elex,0.27,Role-Playing,elex,62.333333333333336
elite forces: unit 77,0.06,Strategy,elite forces: unit 77,61.0
elite: dangerous,0.27,Simulation,elite: dangerous,79.0
elven legacy,0.04,Strategy,elven legacy,71.0
emergency 2012,0.12000000000000001,Simulation,emergency 2012,61.0
emergency heroes,0.47,Racing,emergency heroes,41.0
emergency mayhem,0.02,Racing,emergency mayhem,40.0
emperor: rise of the middle kingdom,0.01,Strategy,emperor: rise of the middle kingdom,77.0
empire earth ii,0.03,Strategy,empire earth ii,79.0
empire earth iii,0.04,Strategy,empire earth iii,50.0
empires: dawn of the modern world,0.0,Strategy,empires: dawn of the modern world,81.0
enchanted arms,0.39,Role-Playing,enchanted arms,66.5
enclave,0.14,Adventure,enclave,68.5
endgame,0.08,Shooter,endgame,57.0
endless ocean,1.06,Adventure,endless ocean,72.0
endless ocean: blue world,0.87,Simulation,endless ocean: blue world,76.0
enemy front,0.1,Shooter,enemy front,43.333333333333336
enemy territory: quake wars,0.82,Shooter,enemy territory: quake wars,71.0
enslaved: odyssey to the west,1.1,Action,enslaved: odyssey to the west,77.33333333333333
enter the matrix,4.83,Action,enter the matrix,62.0
enthusia professional racing,0.15,Racing,enthusia professional racing,70.0
ephemeral fantasia,0.08,Role-Playing,ephemeral fantasia,48.0
eragon,0.41000000000000003,Role-Playing,eragon,55.857142857142854
escape dead island,0.17,Action,escape dead island,41.333333333333336
escape from bug island,0.06,Action,escape from bug island,37.0
escape from monkey island,0.1,Adventure,escape from monkey island,85.0
espn college hoops,0.16,Sports,espn college hoops,81.5
espn college hoops 2k5,1.22,Sports,espn college hoops 2k5,86.0
espn final round golf 2002,0.17,Sports,espn final round golf 2002,70.0
espn great outdoor games bass 2002,0.05,Sports,espn great outdoor games bass 2002,57.0
espn international track & field,0.19,Sports,espn international track & field,66.5
espn international winter sports 2002,0.11,Sports,espn international winter sports 2002,62.0
espn national hockey night,0.07,Sports,espn national hockey night,44.0
espn nba 2k5,2.54,Sports,espn nba 2k5,84.0
espn nba 2night,0.09,Sports,espn nba 2night,62.0
espn nba 2night 2002,0.04,Sports,espn nba 2night 2002,59.0
espn nba basketball,0.81,Sports,espn nba basketball,88.0
espn nfl 2k5,4.25,Sports,espn nfl 2k5,91.0
espn nfl football,0.92,Sports,espn nfl football,91.0
espn nfl primetime 2002,0.1,Sports,espn nfl primetime 2002,61.0
espn nhl 2k5,1.3,Sports,espn nhl 2k5,87.0
espn nhl hockey,0.34,Sports,espn nhl hockey,89.0
espn x games skateboarding,0.54,Sports,espn x games skateboarding,58.0
eternal poison,0.14,Role-Playing,eternal poison,65.0
eternal ring,0.3,Role-Playing,eternal ring,62.0
eternal sonata,0.76,Role-Playing,eternal sonata,79.5
etrian mystery dungeon,0.28,Role-Playing,etrian mystery dungeon,77.0
etrian odyssey,0.33,Role-Playing,etrian odyssey,75.0
etrian odyssey ii: heroes of lagaard,0.26,Role-Playing,etrian odyssey ii: heroes of lagaard,82.0
etrian odyssey nexus,0.11,Role-Playing,etrian odyssey nexus,81.0
etrian odyssey v: beyond the myth,0.27,Role-Playing,etrian odyssey v: beyond the myth,80.0
eureka seven vol. 2: the new vision,0.02,Shooter,eureka seven vol. 2: the new vision,40.0
eurofighter typhoon,0.0,Simulation,eurofighter typhoon,69.0
europa universalis iii,0.01,Strategy,europa universalis iii,83.0
europa universalis: rome,0.0,Strategy,europa universalis: rome,73.0
eve online,0.2,Role-Playing,eve online,69.0
eve: valkyrie,0.21,Shooter,eve: valkyrie,70.0
ever oasis,0.29,Role-Playing,ever oasis,76.0
everblue 2,0.03,Adventure,everblue 2,59.0
evergrace,0.35,Role-Playing,evergrace,59.0
everquest online adventures,0.43,Role-Playing,everquest online adventures,74.0
everquest online adventures: frontiers,0.19,Role-Playing,everquest online adventures: frontiers,77.0
every extend extra,0.13,Shooter,every extend extra,74.0
everybody's golf,0.56,Sports,everybody's golf,78.0
evil dead: hail to the king,0.27,Adventure,evil dead: hail to the king,46.666666666666664
evil dead: regeneration,0.29,Action,evil dead: regeneration,67.0
evil genius,0.01,Strategy,evil genius,75.0
evolution skateboarding,0.3,Sports,evolution skateboarding,44.0
evolution snowboarding,0.02,Sports,evolution snowboarding,38.0
evolution worlds,0.08,Role-Playing,evolution worlds,63.0
evolve,1.9000000000000001,Shooter,evolve,75.66666666666667
excite truck,0.53,Racing,excite truck,72.0
excitebike 64,1.0,Racing,excitebike 64,88.0
excitebots: trick racing,0.28,Racing,excitebots: trick racing,77.0
exerbeat,0.29,Sports,exerbeat,60.0
exist archive: the other side of the sky,0.15,Role-Playing,exist archive: the other side of the sky,68.5
exit,0.08,Puzzle,exit,76.0
exit ds,0.1,Puzzle,exit ds,64.0
extermination,0.55,Action,extermination,67.0
extinction,0.11,Action,extinction,50.0
extreme-g,0.59,Racing,extreme-g,82.0
eyepet,1.29,Simulation,eyepet,63.5
eyepet & friends,0.18,Simulation,eyepet & friends,65.0
eyetoy: antigrav,0.43,Sports,eyetoy: antigrav,71.0
eyetoy: groove,0.18,Misc,eyetoy: groove,73.0
eyetoy: kinetic,0.17,Sports,eyetoy: kinetic,78.0
eyetoy: operation spy,0.1,Action,eyetoy: operation spy,53.0
f-14 tomcat,0.7,Action,f-14 tomcat,67.0
f-zero gx,0.65,Racing,f-zero gx,89.0
f.e.a.r.,0.8800000000000001,Shooter,f.e.a.r.,81.66666666666667
f.e.a.r. 2: project origin,1.08,Shooter,f.e.a.r. 2: project origin,78.33333333333333
f.e.a.r. 3,0.9,Shooter,f.e.a.r. 3,74.33333333333333
f.e.a.r. files,0.09,Shooter,f.e.a.r. files,66.0
f.e.a.r. perseus mandate,0.01,Shooter,f.e.a.r. perseus mandate,61.0
f1 2001,0.21,Racing,f1 2001,81.66666666666667
f1 2002,0.16999999999999998,Racing,f1 2002,80.33333333333333
f1 2009,1.4100000000000001,Racing,f1 2009,68.5
f1 2010,2.27,Racing,f1 2010,84.0
f1 2011,2.41,Racing,f1 2011,74.8
f1 2012,1.5,Racing,f1 2012,81.66666666666667
f1 2013,0.8799999999999999,Racing,f1 2013,77.66666666666667
f1 2014,0.65,Racing,f1 2014,62.333333333333336
f1 2015,0.99,Racing,f1 2015,63.333333333333336
f1 2016,1.0,Racing,f1 2016,84.33333333333333
f1 2017,0.83,Racing,f1 2017,86.33333333333333
f1 2018,0.7100000000000001,Racing,f1 2018,83.66666666666667
f1 career challenge,0.1,Racing,f1 career challenge,70.0
f1 championship season 2000,0.19,Racing,f1 championship season 2000,69.0
f1 race stars,0.61,Racing,f1 race stars,62.333333333333336
fable anniversary,0.45,Role-Playing,fable anniversary,68.0
fable iii,5.43,Role-Playing,fable iii,77.5
fable: the journey,0.29,Role-Playing,fable: the journey,61.0
fable: the lost chapters,0.07,Role-Playing,fable: the lost chapters,83.0
facebreaker,0.36,Fighting,facebreaker,53.5
facebreaker k.o. party,0.22,Fighting,facebreaker k.o. party,61.0
faces of war,0.0,Strategy,faces of war,67.0
fading shadows,0.04,Puzzle,fading shadows,62.0
fairy fencer f,0.19,Role-Playing,fairy fencer f,65.5
fairy fencer f: advent dark force,0.14,Role-Playing,fairy fencer f: advent dark force,68.5
fairytale fights,0.34,Action,fairytale fights,52.0
falcon 4.0: allied force,0.02,Simulation,falcon 4.0: allied force,90.0
fallen legion: rise to glory,0.02,Role-Playing,fallen legion: rise to glory,66.0
fallout 2,0.0,Role-Playing,fallout 2,86.0
fallout 3,9.94,Role-Playing,fallout 3,91.33333333333333
fallout 4,13.510000000000002,Role-Playing,fallout 4,86.33333333333333
fallout 76,2.46,Role-Playing,fallout 76,51.333333333333336
fallout: brotherhood of steel,0.12000000000000001,Role-Playing,fallout: brotherhood of steel,65.0
fallout: new vegas,7.25,Role-Playing,fallout: new vegas,83.33333333333333
family guy,0.19,Adventure,family guy,51.333333333333336
family guy: back to the multiverse,0.52,Action-Adventure,family guy: back to the multiverse,39.5
family party: 30 great games,0.09,Misc,family party: 30 great games,42.0
fantasia: music evolved,0.29000000000000004,Music,fantasia: music evolved,77.0
fantastic 4,1.01,Action,fantastic 4,61.4
fantastic four: rise of the silver surfer,0.74,Action,fantastic four: rise of the silver surfer,40.4
fantastic pets,0.41,Simulation,fantastic pets,66.0
fantasy wars,0.0,Strategy,fantasy wars,67.0
fantavision,0.47,Puzzle,fantavision,72.0
far cry 2,3.45,Shooter,far cry 2,85.0
far cry 3,7.17,Shooter,far cry 3,89.66666666666667
far cry 4,8.549999999999999,Shooter,far cry 4,82.33333333333333
far cry 5,5.8,Action,far cry 5,80.33333333333333
far cry instincts,0.57,Shooter,far cry instincts,85.0
far cry instincts evolution,0.08,Shooter,far cry instincts evolution,78.0
far cry instincts predator,0.24,Shooter,far cry instincts predator,78.0
far cry vengeance,0.08,Shooter,far cry vengeance,38.0
farming simulator,0.0,Simulation,farming simulator,36.5
farming simulator 17,1.31,Simulation,farming simulator 17,67.66666666666667
farming simulator 19,1.3699999999999999,Simulation,farming simulator 19,68.5
farming simulator 2013,0.54,Simulation,farming simulator 2013,65.0
farpoint,0.48,Shooter,farpoint,71.0
fast & furious: showdown,0.06,Racing,fast & furious: showdown,22.0
fast racing neo,0.01,Racing,fast racing neo,81.0
fat princess: fistful of cake,0.13,Action,fat princess: fistful of cake,74.0
fatal frame,0.2,Action,fatal frame,75.5
fatal frame ii: crimson butterfly,0.16,Action,fatal frame ii: crimson butterfly,81.0
fatal frame ii: crimson butterfly director's cut,0.05,Action,fatal frame ii: crimson butterfly director's cut,84.0
fatal frame iii: the tormented,0.08,Action,fatal frame iii: the tormented,78.0
fatal frame: maiden of black water,0.12,Misc,fatal frame: maiden of black water,67.0
fatal fury special,0.56,Fighting,fatal fury special,63.0
fatal fury: battle archives volume 1,0.04,Fighting,fatal fury: battle archives volume 1,68.0
fatal fury: battle archives volume 2,0.07,Fighting,fatal fury: battle archives volume 2,70.0
fatal inertia,0.13,Racing,fatal inertia,61.0
fate/extella link,0.18,Action,fate/extella link,74.5
fate/extella: the umbral star,0.63,Action,fate/extella: the umbral star,68.0
fate/extra,0.33,Role-Playing,fate/extra,58.0
fate/unlimited codes,0.14,Fighting,fate/unlimited codes,72.0
fear effect 2: retro helix,0.18,Action,fear effect 2: retro helix,84.0
fear factor: unleashed,0.14,Action,fear factor: unleashed,30.0
ferrari challenge trofeo pirelli,0.16,Racing,ferrari challenge trofeo pirelli,67.0
ferrari f355 challenge,0.05,Racing,ferrari f355 challenge,70.0
field commander,0.16,Strategy,field commander,77.0
fifa 06: road to fifa world cup,0.15,Sports,fifa 06: road to fifa world cup,62.0
fifa 07 soccer,6.380000000000001,Sports,fifa 07 soccer,78.57142857142857
fifa 14,17.310000000000002,Sports,fifa 14,86.25
fifa 15,18.03,Sports,fifa 15,82.0
fifa 16,15.82,Sports,fifa 16,82.33333333333333
fifa 17,17.02,Sports,fifa 17,84.33333333333333
fifa 18,16.92,Sports,fifa 18,79.0
fifa 19,12.22,Sports,fifa 19,79.0
fifa 2001 major league soccer,0.32,Sports,fifa 2001 major league soccer,85.0
fifa manager 09,0.0,Sports,fifa manager 09,69.0
fifa manager 11,0.0,Sports,fifa manager 11,75.0
fifa manager 12,0.05,Sports,fifa manager 12,72.0
fifa soccer,0.75,Misc,fifa soccer,76.0
fifa soccer 06,5.13,Sports,fifa soccer 06,79.0
fifa soccer 08,9.49,Sports,fifa soccer 08,77.83333333333333
fifa soccer 09,8.67,Sports,fifa soccer 09,83.4
fifa soccer 09 all-play,0.89,Sports,fifa soccer 09 all-play,80.0
fifa soccer 10,10.72,Sports,fifa soccer 10,82.2
fifa soccer 11,12.53,Sports,fifa soccer 11,83.25
fifa soccer 12,13.06,Sports,fifa soccer 12,81.2
fifa soccer 13,0.46,Sports,fifa soccer 13,78.0
fifa soccer 2002,0.96,Sports,fifa soccer 2002,80.25
fifa soccer 2003,4.16,Sports,fifa soccer 2003,86.25
fifa soccer 2004,4.4,Sports,fifa soccer 2004,81.5
fifa soccer 2005,4.890000000000001,Sports,fifa soccer 2005,79.25
fifa street,0.47,Sports,fifa street,68.0
fifa street 2,0.74,Sports,fifa street 2,61.666666666666664
fifa street 3,0.75,Sports,fifa street 3,60.666666666666664
fifa world cup: germany 2006,0.03,Sports,fifa world cup: germany 2006,74.57142857142857
fight club,0.29,Fighting,fight club,36.5
fight night 2004,2.16,Fighting,fight night 2004,85.0
fight night champion,1.91,Fighting,fight night champion,85.0
fight night round 2,1.64,Fighting,fight night round 2,87.66666666666667
fight night round 3,5.55,Fighting,fight night round 3,82.0
fight night round 4,2.92,Fighting,fight night round 4,87.5
fighter destiny 2,0.05,Fighting,fighter destiny 2,54.0
fighter maker 2,0.07,Fighting,fighter maker 2,58.0
fighter within,0.17,Fighting,fighter within,23.0
fighters uncaged,0.6,Fighting,fighters uncaged,32.0
fighting fantasy: the warlock of firetop mountain,0.09,Role-Playing,fighting fantasy: the warlock of firetop mountain,45.0
final fantasy,0.51,Role-Playing,final fantasy,67.0
final fantasy anthology,0.8,Role-Playing,final fantasy anthology,80.0
final fantasy chronicles,0.52,Role-Playing,final fantasy chronicles,89.0
final fantasy crystal chronicles: echoes of time,0.72,Role-Playing,final fantasy crystal chronicles: echoes of time,69.5
final fantasy crystal chronicles: ring of fates,0.66,Role-Playing,final fantasy crystal chronicles: ring of fates,77.0
final fantasy crystal chronicles: the crystal bearers,0.39,Adventure,final fantasy crystal chronicles: the crystal bearers,66.0
final fantasy explorers,0.59,Role-Playing,final fantasy explorers,69.0
final fantasy ii,1.01,Role-Playing,final fantasy ii,63.0
final fantasy iv,0.31,Role-Playing,final fantasy iv,85.0
final fantasy iv advance,0.61,Role-Playing,final fantasy iv advance,85.0
final fantasy iv: the complete collection,0.56,Role-Playing,final fantasy iv: the complete collection,77.0
final fantasy type-0 hd,0.3,Role-Playing,final fantasy type-0 hd,71.0
final fantasy v advance,0.26,Role-Playing,final fantasy v advance,83.0
final fantasy vi advance,0.28,Role-Playing,final fantasy vi advance,92.0
final fantasy x / x-2 hd remaster,1.76,Role-Playing,final fantasy x / x-2 hd remaster,84.66666666666667
final fantasy xi: chains of promathia,0.25,Role-Playing,final fantasy xi: chains of promathia,75.0
final fantasy xi: treasures of aht urhgan,0.23,Role-Playing,final fantasy xi: treasures of aht urhgan,83.0
final fantasy xiii,7.539999999999999,Role-Playing,final fantasy xiii,82.5
final fantasy xiii-2,3.39,Role-Playing,final fantasy xiii-2,79.0
final fantasy xiv online,0.87,MMO,final fantasy xiv online,49.0
final fantasy xiv: heavensward,0.24000000000000002,MMO,final fantasy xiv: heavensward,86.0
final fantasy xiv: stormblood,0.23,MMO,final fantasy xiv: stormblood,88.0
final fantasy xv,6.21,Role-Playing,final fantasy xv,82.0
final fantasy: the 4 heroes of light,0.58,Role-Playing,final fantasy: the 4 heroes of light,71.0
final fight one,0.21,Fighting,final fight one,82.0
final fight: streetwise,0.07,Action,final fight: streetwise,42.5
finding nemo,6.46,Platform,finding nemo,62.5
finny the fish & the seven waters,0.05,Sports,finny the fish & the seven waters,59.0
fire emblem warriors,0.66,Action,fire emblem warriors,71.5
fire emblem: path of radiance,0.54,Role-Playing,fire emblem: path of radiance,85.0
fire emblem: radiant dawn,0.49,Strategy,fire emblem: radiant dawn,78.0
fire emblem: the sacred stones,0.89,Strategy,fire emblem: the sacred stones,85.0
fire pro wrestling returns,0.09,Fighting,fire pro wrestling returns,78.0
fire pro wrestling world,0.12,Fighting,fire pro wrestling world,79.0
fish tycoon,0.26,Simulation,fish tycoon,46.0
fisherman's challenge,0.04,Sports,fisherman's challenge,67.0
fishing master,0.31,Sports,fishing master,58.0
fishing resort,0.39,Sports,fishing resort,69.0
fishing sim world,0.1,Simulation,fishing sim world,50.0
fist of the north star: ken's rage,0.8200000000000001,Action,fist of the north star: ken's rage,59.5
fist of the north star: ken's rage 2,0.38,Action,fist of the north star: ken's rage 2,52.0
fist of the north star: lost paradise,0.36,Action,fist of the north star: lost paradise,72.0
flashback,0.04,Platform,flashback,63.5
flatout,0.56,Racing,flatout,71.0
flatout 2,0.2,Racing,flatout 2,74.0
flatout 4: total insanity,0.03,Racing,flatout 4: total insanity,64.0
flatout: head on,0.29,Racing,flatout: head on,74.0
flatout: ultimate carnage,0.12,Racing,flatout: ultimate carnage,79.5
flingsmash,0.47,Action,flingsmash,48.0
flip's twisted world,0.06,Platform,flip's twisted world,47.0
flipnic: ultimate pinball,0.06,Misc,flipnic: ultimate pinball,64.0
flipper critters,0.03,Misc,flipper critters,60.0
flipping death,0.03,Platform,flipping death,81.0
flow: urban dance uprising,0.04,Misc,flow: urban dance uprising,65.0
"flower, sun, and rain",0.07,Adventure,"flower, sun, and rain",54.0
flushed away,0.26,Platform,flushed away,43.0
folklore,0.32,Role-Playing,folklore,75.0
food network: cook or be cooked,0.44,Misc,food network: cook or be cooked,53.0
football manager 2010,0.07,Sports,football manager 2010,87.0
football manager 2011,1.26,Sports,football manager 2011,85.0
football manager 2012,1.5,Sports,football manager 2012,84.0
football manager 2013,1.06,Sports,football manager 2013,86.0
football manager 2019,0.11,Simulation,football manager 2019,86.0
football manager classic 2014,0.12,Sports,football manager classic 2014,67.0
football manager handheld 2010,0.35,Sports,football manager handheld 2010,69.0
football manager live,0.01,Sports,football manager live,82.0
for honor,2.66,Action,for honor,77.66666666666667
ford bold moves street racing,0.04,Racing,ford bold moves street racing,48.5
ford mustang: the legend lives,0.38,Racing,ford mustang: the legend lives,55.0
ford racing 2,1.15,Racing,ford racing 2,62.0
ford racing 3,0.51,Racing,ford racing 3,54.0
forever kingdom,0.09,Role-Playing,forever kingdom,64.0
forgotten realms: demon stone,0.29000000000000004,Action,forgotten realms: demon stone,70.66666666666667
formula one 2001,0.26,Racing,formula one 2001,73.0
forsaken 64,0.29,Shooter,forsaken 64,75.0
fortnite,2.37,Action,fortnite,80.66666666666667
fortress,0.32,Action,fortress,64.0
fortune street,0.48,Misc,fortune street,68.0
forza horizon,1.94,Racing,forza horizon,85.0
forza horizon 2,2.29,Racing,forza horizon 2,86.0
forza horizon 4,1.84,Racing,forza horizon 4,90.0
forza motorsport,1.05,Racing,forza motorsport,92.0
forza motorsport 2,4.05,Racing,forza motorsport 2,90.0
forza motorsport 3,5.5,Racing,forza motorsport 3,92.0
forza motorsport 4,4.6,Racing,forza motorsport 4,91.0
forza motorsport 5,2.4,Racing,forza motorsport 5,79.0
forza motorsport 7,1.52,Racing,forza motorsport 7,84.0
fossil fighters,0.89,Role-Playing,fossil fighters,70.0
fossil fighters: champions,0.67,Role-Playing,fossil fighters: champions,68.0
fossil fighters: frontier,0.42,Role-Playing,fossil fighters: frontier,57.0
fossil league: dino tournament championship,0.0,Role-Playing,fossil league: dino tournament championship,65.0
fracture,0.49,Shooter,fracture,62.5
fragile dreams: farewell ruins of the moon,0.37,Role-Playing,fragile dreams: farewell ruins of the moon,67.0
freaky flyers,0.14,Racing,freaky flyers,66.33333333333333
freedom fighters,0.88,Shooter,freedom fighters,81.5
freedom force,0.0,Role-Playing,freedom force,90.0
freedom force vs the 3rd reich,0.0,Role-Playing,freedom force vs the 3rd reich,86.0
freedom wars,0.66,Misc,freedom wars,73.0
freedom wings,0.02,Simulation,freedom wings,46.0
freekstyle,1.1600000000000001,Racing,freekstyle,74.66666666666667
freelancer,0.05,Simulation,freelancer,85.0
freestyle metal x,0.13,Racing,freestyle metal x,67.0
freestyle street soccer,0.0,Sports,freestyle street soccer,44.0
frequency,0.19,Misc,frequency,83.0
friday the 13th: the game,0.75,Action,friday the 13th: the game,58.333333333333336
frogger,4.16,Action,frogger,61.0
frogger 2: swampy's revenge,1.43,Action,frogger 2: swampy's revenge,72.0
frogger 3d,0.21,Action,frogger 3d,54.0
frogger advance: the great quest,0.07,Action,frogger advance: the great quest,55.0
frogger's adventures: the rescue,0.47,Platform,frogger's adventures: the rescue,59.0
frogger: ancient shadow,0.18,Platform,frogger: ancient shadow,51.666666666666664
frogger: helmet chaos,0.16999999999999998,Platform,frogger: helmet chaos,69.0
from dust,0.0,Adventure,from dust,79.0
from russia with love,0.91,Action,from russia with love,67.75
from the abyss,0.06,Role-Playing,from the abyss,59.0
front mission,0.04,Strategy,front mission,72.0
front mission evolved,0.49,Shooter,front mission evolved,59.666666666666664
frontline: fields of thunder,0.0,Strategy,frontline: fields of thunder,57.0
frontlines: fuel of war,0.5800000000000001,Shooter,frontlines: fuel of war,74.0
fuel,0.57,Racing,fuel,66.66666666666667
fugitive hunter: war on terror,0.15,Shooter,fugitive hunter: war on terror,35.0
full auto 2: battlelines,0.19,Racing,full auto 2: battlelines,60.0
full spectrum warrior,1.03,Strategy,full spectrum warrior,79.33333333333333
full spectrum warrior: ten hammers,0.12000000000000001,Strategy,full spectrum warrior: ten hammers,70.0
fullmetal alchemist and the broken angel,0.56,Role-Playing,fullmetal alchemist and the broken angel,56.0
fullmetal alchemist: dual sympathy,0.09,Role-Playing,fullmetal alchemist: dual sympathy,58.0
fullmetal alchemist: trading card game,0.01,Misc,fullmetal alchemist: trading card game,61.0
funky barn,0.12,Simulation,funky barn,50.0
fur fighters: viggo's revenge,0.14,Action,fur fighters: viggo's revenge,64.0
furious karting,0.01,Racing,furious karting,63.0
furu furu park,0.05,Misc,furu furu park,43.0
futurama,0.12000000000000001,Platform,futurama,58.5
future tactics: the uprising,0.12000000000000001,Strategy,future tactics: the uprising,61.666666666666664
fuzion frenzy,1.21,Misc,fuzion frenzy,70.0
fuzion frenzy 2,0.17,Misc,fuzion frenzy 2,49.0
g-force,1.99,Action,g-force,68.0
g.i. joe: the rise of cobra,1.09,Action,g.i. joe: the rise of cobra,45.75
g1 jockey 3,0.1,Sports,g1 jockey 3,71.0
gabrielle's ghostly groove 3d,0.11,Adventure,gabrielle's ghostly groove 3d,62.0
gadget racers,0.08,Racing,gadget racers,67.0
galactic wrestling: featuring ultimate muscle,0.22,Fighting,galactic wrestling: featuring ultimate muscle,61.0
galerians: ash,0.07,Adventure,galerians: ash,50.0
galleon: islands of mystery,0.03,Action,galleon: islands of mystery,67.0
gallop racer 2001,0.17,Sports,gallop racer 2001,71.0
gallop racer 2003: a new breed,0.21,Sports,gallop racer 2003: a new breed,68.0
gallop racer 2004,0.06,Sports,gallop racer 2004,70.0
gallop racer 2006,0.1,Sports,gallop racer 2006,69.0
game & wario,0.25,Party,game & wario,61.0
game & watch gallery 4,0.61,Misc,game & watch gallery 4,71.0
game of thrones,0.5,Role-Playing,game of thrones,54.333333333333336
game of thrones: a telltale games series,0.18,Adventure,game of thrones: a telltale games series,66.5
game party,2.49,Misc,game party,25.0
game party 2,1.88,Misc,game party 2,29.0
game party champions,0.13,Party,game party champions,24.0
gangland,0.0,Strategy,gangland,63.0
gangs of london,0.96,Adventure,gangs of london,52.0
gangsters 2: vendetta,0.0,Strategy,gangsters 2: vendetta,61.0
gardening mama,1.36,Puzzle,gardening mama,60.0
gardening mama 2: forest friends,0.01,Simulation,gardening mama 2: forest friends,43.0
garfield and his nine lives,0.01,Action,garfield and his nine lives,56.0
garfield's nightmare,0.02,Platform,garfield's nightmare,70.0
garshasp: the monster slayer,0.0,Action,garshasp: the monster slayer,49.0
gauntlet,0.5,Action,gauntlet,65.0
gauntlet: dark legacy,1.5,Action,gauntlet: dark legacy,56.666666666666664
gauntlet: seven sorrows,0.5800000000000001,Role-Playing,gauntlet: seven sorrows,60.0
gear.club unlimited,0.15,Racing,gear.club unlimited,64.0
gears of war,0.02,Shooter,gears of war,90.5
gears of war 4,3.38,Shooter,gears of war 4,85.0
geist,0.15,Adventure,geist,66.0
gekido advance: kintaro's revenge,0.03,Action,gekido advance: kintaro's revenge,70.0
generation of chaos,0.06,Role-Playing,generation of chaos,60.0
genji: dawn of the samurai,0.23,Action,genji: dawn of the samurai,74.0
genji: days of the blade,0.75,Action,genji: days of the blade,55.0
genma onimusha,0.24,Action,genma onimusha,83.0
geometry wars: galaxies,0.26,Shooter,geometry wars: galaxies,79.5
george of the jungle and the search for the secret,0.07,Platform,george of the jungle and the search for the secret,35.0
get on da mic,0.15,Misc,get on da mic,49.0
ghost in the shell: stand alone complex,0.23,Adventure,ghost in the shell: stand alone complex,61.0
ghost master,0.0,Strategy,ghost master,81.0
ghost pirates of vooju island,0.02,Adventure,ghost pirates of vooju island,66.0
ghost rider,0.24,Action,ghost rider,51.5
ghost squad,0.77,Shooter,ghost squad,69.0
ghost trick: phantom detective,0.38,Adventure,ghost trick: phantom detective,83.0
ghostbusters,0.45,Action,ghostbusters,31.0
ghostbusters: the video game,3.34,Action,ghostbusters: the video game,68.57142857142857
ghosthunter,0.09,Action,ghosthunter,69.0
giana sisters: twisted dreams,0.01,Platform,giana sisters: twisted dreams,73.0
giants: citizen kabuto,0.06,Shooter,giants: citizen kabuto,82.0
gitaroo man,0.05,Misc,gitaroo man,82.0
gitaroo man lives!,0.04,Misc,gitaroo man lives!,80.0
gladiator begins,0.13,Action,gladiator begins,59.0
gladiator: sword of vengeance,0.16999999999999998,Action,gladiator: sword of vengeance,66.33333333333333
gladius,0.41000000000000003,Strategy,gladius,79.66666666666667
global touring challenge: africa,0.1,Racing,global touring challenge: africa,64.0
glory days 2,0.09,Strategy,glory days 2,73.0
glory of heracles,0.29,Role-Playing,glory of heracles,69.0
glory of the roman empire,0.0,Strategy,glory of the roman empire,66.0
go vacation,1.9100000000000001,Misc,go vacation,63.0
go! go! hypergrind,0.03,Sports,go! go! hypergrind,67.0
go! sudoku,0.12,Puzzle,go! sudoku,63.0
goblin commander: unleash the horde,0.27,Strategy,goblin commander: unleash the horde,69.66666666666667
god eater 2: rage burst,0.56,Role-Playing,god eater 2: rage burst,71.0
god eater 3,0.19,Role-Playing,god eater 3,72.0
god eater resurrection,0.29000000000000004,Action,god eater resurrection,70.0
god of war collection,0.24,Action,god of war collection,82.0
god wars the complete legend,0.03,Strategy,god wars the complete legend,70.0
god wars: future past,0.12000000000000001,Role-Playing,god wars: future past,74.0
godai: elemental force,0.07,Action,godai: elemental force,27.0
godzilla unleashed,0.16,Fighting,godzilla unleashed,38.0
godzilla unleashed: double smash,0.12,Action,godzilla unleashed: double smash,28.0
godzilla: destroy all monsters melee,0.83,Fighting,godzilla: destroy all monsters melee,72.0
godzilla: domination!,0.28,Fighting,godzilla: domination!,53.0
godzilla: save the earth,0.61,Fighting,godzilla: save the earth,62.5
golden axe: beast rider,0.65,Action,golden axe: beast rider,44.5
golden sun: dark dawn,0.81,Role-Playing,golden sun: dark dawn,79.0
goldeneye 007,1.4400000000000002,Shooter,goldeneye 007,80.33333333333333
goldeneye 007: reloaded,1.28,Shooter,goldeneye 007: reloaded,72.0
goldeneye: rogue agent,1.6,Shooter,goldeneye: rogue agent,59.75
gone home,0.0,Adventure,gone home,86.0
gotcha force,0.03,Shooter,gotcha force,56.0
gothic 3: forsaken gods,0.0,Role-Playing,gothic 3: forsaken gods,44.0
grabbed by the ghoulies,0.14,Action,grabbed by the ghoulies,66.0
gradius collection,0.06,Shooter,gradius collection,76.0
gradius galaxies,0.08,Shooter,gradius galaxies,78.0
gradius iii and iv,0.08,Shooter,gradius iii and iv,64.0
gradius v,0.09,Shooter,gradius v,82.0
graffiti kingdom,0.03,Role-Playing,graffiti kingdom,71.0
grand ages: medieval,0.15,Strategy,grand ages: medieval,63.5
grand ages: rome,0.0,Strategy,grand ages: rome,72.0
grand kingdom,0.23,Role-Playing,grand kingdom,77.0
grand prix challenge,0.08,Racing,grand prix challenge,76.0
grand slam tennis 2,0.42,Sports,grand slam tennis 2,72.0
grand theft auto,2.5599999999999996,Action,grand theft auto,68.0
grand theft auto 2,3.42,Action,grand theft auto 2,70.0
grand theft auto iii,13.11,Action,grand theft auto iii,95.0
grand theft auto iv,22.53,Action,grand theft auto iv,95.33333333333333
grand theft auto online,0.01,Misc,grand theft auto online,80.0
grand theft auto v,64.29,Action,grand theft auto v,96.8
grand theft auto: chinatown wars,2.41,Adventure,grand theft auto: chinatown wars,91.5
grand theft auto: liberty city stories,11.26,Action,grand theft auto: liberty city stories,83.0
grand theft auto: san andreas,3.06,Action,grand theft auto: san andreas,93.66666666666667
grand theft auto: vice city,16.189999999999998,Action,grand theft auto: vice city,94.5
grand theft auto: vice city stories,6.05,Action,grand theft auto: vice city stories,80.5
grandia,0.6699999999999999,Role-Playing,grandia,89.0
grandia ii,0.49,Role-Playing,grandia ii,77.0
grandia xtreme,0.38,Role-Playing,grandia xtreme,68.0
gravel,0.13,Racing,gravel,65.33333333333333
gravity games bike: street vert dirt,0.11,Sports,gravity games bike: street vert dirt,24.0
gravity rush,0.6,Action-Adventure,gravity rush,83.0
gravity rush 2,0.35,Action-Adventure,gravity rush 2,80.0
gravity rush remastered,0.18,Action-Adventure,gravity rush remastered,80.0
gray matter,0.12,Adventure,gray matter,72.0
green day: rock band,1.19,Misc,green day: rock band,75.66666666666667
green lantern: rise of the manhunters,0.63,Action,green lantern: rise of the manhunters,60.0
greg hastings' tournament paintball,0.54,Shooter,greg hastings' tournament paintball,74.0
greg hastings' tournament paintball max'd,0.08,Shooter,greg hastings' tournament paintball max'd,69.5
gretzky nhl,0.1,Sports,gretzky nhl,61.0
gretzky nhl 06,0.28,Sports,gretzky nhl 06,63.5
gretzky nhl 2005,0.17,Sports,gretzky nhl 2005,66.0
grid,2.06,Racing,grid,79.83333333333333
grid 2,0.71,Misc,grid 2,80.0
grim legends: the forsaken bride,0.0,Puzzle,grim legends: the forsaken bride,74.0
grimgrimoire,0.05,Strategy,grimgrimoire,79.0
grip: combat racing,0.03,Racing,grip: combat racing,68.25
gripshift,0.09,Racing,gripshift,71.0
groovin' blocks,0.01,Puzzle,groovin' blocks,75.0
group s challenge,0.02,Racing,group s challenge,57.0
growlanser generations,0.11,Role-Playing,growlanser generations,81.0
growlanser: heritage of war,0.22,Role-Playing,growlanser: heritage of war,60.0
growlanser: wayfarer of time,0.06,Role-Playing,growlanser: wayfarer of time,67.0
gt advance 2: rally racing,0.11,Racing,gt advance 2: rally racing,77.0
gt advance 3: pro concept racing,0.08,Racing,gt advance 3: pro concept racing,74.0
gt advance championship racing,0.33,Racing,gt advance championship racing,82.0
gt legends,0.02,Racing,gt legends,84.0
gt pro series,0.52,Racing,gt pro series,41.0
gtr evolution,0.03,Racing,gtr evolution,83.0
guardian heroes,0.29,Role-Playing,guardian heroes,83.0
guilty gear dust strikers,0.05,Fighting,guilty gear dust strikers,60.0
guilty gear isuka,0.1,Fighting,guilty gear isuka,73.0
guilty gear judgment,0.16,Fighting,guilty gear judgment,77.0
guilty gear x,0.12,Fighting,guilty gear x,79.0
guilty gear x2,0.35,Fighting,guilty gear x2,87.0
guilty gear x2 #reload,0.15,Fighting,guilty gear x2 #reload,86.0
guilty gear xrd -revelator-,0.25,Fighting,guilty gear xrd -revelator-,86.0
guilty gear xx accent core,0.08,Fighting,guilty gear xx accent core,76.0
guilty gear xx accent core plus,0.16999999999999998,Fighting,guilty gear xx accent core plus,75.0
guinness world records: the videogame,1.55,Action,guinness world records: the videogame,67.0
guitar hero 5,4.9,Misc,guitar hero 5,86.66666666666667
guitar hero encore: rocks the 80s,1.11,Misc,guitar hero encore: rocks the 80s,69.0
guitar hero ii,7.33,Misc,guitar hero ii,92.0
guitar hero iii: legends of rock,16.38,Misc,guitar hero iii: legends of rock,83.0
guitar hero live,3.03,Music,guitar hero live,80.5
guitar hero on tour: modern hits,0.37,Misc,guitar hero on tour: modern hits,70.0
guitar hero: aerosmith,4.29,Misc,guitar hero: aerosmith,71.0
guitar hero: metallica,2.7,Misc,guitar hero: metallica,85.0
guitar hero: on tour,3.46,Misc,guitar hero: on tour,71.0
guitar hero: on tour decades,1.57,Misc,guitar hero: on tour decades,72.0
guitar hero: smash hits,1.5699999999999998,Misc,guitar hero: smash hits,72.66666666666667
guitar hero: van halen,0.9600000000000001,Misc,guitar hero: van halen,54.5
guitar hero: warriors of rock,2.63,Misc,guitar hero: warriors of rock,74.33333333333333
guitar rock tour,0.11,Misc,guitar rock tour,60.0
gun,2.15,Shooter,gun,76.8
gun metal,0.11,Shooter,gun metal,63.0
gun showdown,0.06,Action,gun showdown,73.0
gunblade ny & l.a. machineguns arcade hits pack,0.07,Shooter,gunblade ny & l.a. machineguns arcade hits pack,58.0
gundam versus,0.28,Action,gundam versus,68.0
gungnir,0.14,Role-Playing,gungnir,68.0
gungrave,0.19,Shooter,gungrave,65.0
gungrave vr,0.01,Shooter,gungrave vr,41.0
gungrave: overdose,0.14,Shooter,gungrave: overdose,68.0
gungriffon blaze,0.11,Simulation,gungriffon blaze,73.0
gungriffon: allied strike,0.03,Simulation,gungriffon: allied strike,55.0
gunpey,0.05,Puzzle,gunpey,62.0
gunpey ds,0.05,Puzzle,gunpey ds,70.0
gunstar super heroes,0.07,Shooter,gunstar super heroes,83.0
gunvalkyrie,0.17,Shooter,gunvalkyrie,73.0
gurumin: a monstrous adventure,0.01,Role-Playing,gurumin: a monstrous adventure,78.0
hail to the chimp,0.11,Misc,hail to the chimp,51.5
hakuoki: kyoto winds,0.03,Adventure,hakuoki: kyoto winds,83.0
half-life,0.6,Shooter,half-life,91.5
half-life 2,0.61,Shooter,half-life 2,93.0
halo 2,0.09,Shooter,halo 2,83.5
halo 2 multiplayer map pack,0.69,Shooter,halo 2 multiplayer map pack,89.0
halo 4,9.96,Shooter,halo 4,87.0
halo wars 2,0.53,Strategy,halo wars 2,74.5
halo: combat evolved,0.04,Shooter,halo: combat evolved,90.0
halo: combat evolved anniversary,2.41,Shooter,halo: combat evolved anniversary,82.0
halo: reach,9.97,Shooter,halo: reach,91.0
halo: the master chief collection,3.44,Shooter,halo: the master chief collection,85.0
hammerin' hero,0.08,Action,hammerin' hero,73.0
hamtaro: ham-ham games,0.22,Sports,hamtaro: ham-ham games,77.0
happy birthdays,0.01,Misc,happy birthdays,71.0
happy feet,0.7,Adventure,happy feet,46.0
hard rock casino,0.14,Misc,hard rock casino,44.5
harry potter and the chamber of secrets,7.64,Adventure,harry potter and the chamber of secrets,75.6
harry potter and the goblet of fire,2.34,Adventure,harry potter and the goblet of fire,68.57142857142857
harry potter and the half-blood prince,3.22,Action,harry potter and the half-blood prince,60.4
harry potter and the order of the phoenix,2.52,Adventure,harry potter and the order of the phoenix,61.57142857142857
harry potter and the prisoner of azkaban,2.15,Adventure,harry potter and the prisoner of azkaban,68.0
harry potter and the sorcerer's stone,3.91,Action,harry potter and the sorcerer's stone,61.666666666666664
harry potter for kinect,0.0,Action-Adventure,harry potter for kinect,54.0
harry potter: quidditch world cup,1.8800000000000001,Sports,harry potter: quidditch world cup,68.5
harvest moon 3d: a new beginning,0.95,Simulation,harvest moon 3d: a new beginning,74.0
harvest moon 64,0.48,Simulation,harvest moon 64,78.0
harvest moon ds: island of happiness,0.72,Simulation,harvest moon ds: island of happiness,65.0
harvest moon: a wonderful life,0.79,Role-Playing,harvest moon: a wonderful life,79.0
harvest moon: animal parade,0.74,Simulation,harvest moon: animal parade,76.0
harvest moon: another wonderful life,0.24,Role-Playing,harvest moon: another wonderful life,70.0
harvest moon: frantic farming,0.1,Puzzle,harvest moon: frantic farming,72.0
harvest moon: friends of mineral town,0.59,Simulation,harvest moon: friends of mineral town,81.0
harvest moon: magical melody,0.53,Simulation,harvest moon: magical melody,76.0
harvest moon: more friends of mineral town,0.2,Simulation,harvest moon: more friends of mineral town,82.0
harvest moon: save the homeland,0.4,Simulation,harvest moon: save the homeland,76.0
harvest moon: skytree village,0.09,Simulation,harvest moon: skytree village,59.0
harvest moon: tree of tranquility,0.82,Simulation,harvest moon: tree of tranquility,65.0
harvey birdman: attorney at law,0.31,Adventure,harvey birdman: attorney at law,61.666666666666664
has-been heroes,0.27,Action,has-been heroes,57.0
hasbro family game night,2.2199999999999998,Misc,hasbro family game night,63.0
hasbro family game night 2,1.36,Misc,hasbro family game night 2,63.0
hatsune miku: project diva f 2nd,0.5900000000000001,Music,hatsune miku: project diva f 2nd,79.5
hatsune miku: project diva x,0.31,Music,hatsune miku: project diva x,78.0
hatsune miku: project mirai dx,0.38,Misc,hatsune miku: project mirai dx,80.0
haunting ground,0.07,Action,haunting ground,67.0
haven: call of the king,0.28,Platform,haven: call of the king,69.0
haze,0.99,Shooter,haze,55.0
hbo boxing,0.21,Fighting,hbo boxing,26.0
he-man: power of grayskull,0.16,Action,he-man: power of grayskull,50.0
headhunter,0.38,Action,headhunter,74.0
headhunter: redemption,0.06,Action,headhunter: redemption,60.5
hearts of iron iii,0.09,Strategy,hearts of iron iii,77.0
heatseeker,0.14,Simulation,heatseeker,57.0
heaven's hope,0.01,Adventure,heaven's hope,74.0
heavy rain: move edition,0.04,Adventure,heavy rain: move edition,72.0
hellblade: senua's sacrifice,0.05,Action-Adventure,hellblade: senua's sacrifice,83.0
hellboy: the science of evil,0.33,Action,hellboy: the science of evil,44.333333333333336
hellgate: london,0.02,Role-Playing,hellgate: london,70.0
hello kitty: roller rescue,0.11,Action,hello kitty: roller rescue,64.0
hello neighbor,1.01,Action,hello neighbor,39.666666666666664
help wanted: 50 wacky jobs,0.1,Simulation,help wanted: 50 wacky jobs,65.0
henry hatsworth in the puzzling adventure,0.09,Puzzle,henry hatsworth in the puzzling adventure,82.0
herbie: fully loaded,0.34,Racing,herbie: fully loaded,47.0
hercules: the legendary journeys,0.05,Action,hercules: the legendary journeys,55.0
herdy gerdy,0.22,Adventure,herdy gerdy,69.0
here they lie,0.04,Adventure,here they lie,62.0
hero's saga laevatein tactics,0.14,Role-Playing,hero's saga laevatein tactics,62.0
heroes of might and magic iv,0.0,Strategy,heroes of might and magic iv,84.0
heroes of might and magic v: tribes of the east,0.0,Role-Playing,heroes of might and magic v: tribes of the east,70.0
heroes of the pacific,0.44,Simulation,heroes of the pacific,76.0
heroes of the storm,0.01,Strategy,heroes of the storm,86.0
heroes over europe,0.30000000000000004,Simulation,heroes over europe,63.0
hexyz force,0.14,Role-Playing,hexyz force,68.0
hey! pikmin,0.44,Platform,hey! pikmin,69.0
hi hi puffy amiyumi: the genie & the amp,0.01,Action,hi hi puffy amiyumi: the genie & the amp,52.0
hidden agenda,0.59,Adventure,hidden agenda,66.0
high heat major league baseball 2002,0.0,Sports,high heat major league baseball 2002,71.33333333333333
high heat major league baseball 2003,0.37,Sports,high heat major league baseball 2003,75.5
high heat major league baseball 2004,0.44,Sports,high heat major league baseball 2004,78.66666666666667
high school musical: sing it!,3.63,Misc,high school musical: sing it!,56.0
high velocity bowling,0.15,Sports,high velocity bowling,66.0
hired guns: the jagged edge,0.0,Strategy,hired guns: the jagged edge,58.0
hitman,1.09,Action,hitman,83.5
hitman 2,0.73,Action-Adventure,hitman 2,82.66666666666667
hitman 2: silent assassin,4.28,Action,hitman 2: silent assassin,84.75
hitman: absolution,3.76,Action,hitman: absolution,80.33333333333333
hitman: blood money,1.06,Action,hitman: blood money,82.0
hitman: contracts,1.1400000000000001,Shooter,hitman: contracts,77.33333333333333
hogs of war,0.02,Role-Playing,hogs of war,62.0
home run king,0.11,Sports,home run king,66.0
homefront,2.6,Shooter,homefront,70.0
homefront: the revolution,0.79,Shooter,homefront: the revolution,50.333333333333336
hometown story,0.5,Simulation,hometown story,47.0
homeworld 2,0.03,Strategy,homeworld 2,83.0
homeworld: cataclysm,0.0,Strategy,homeworld: cataclysm,89.0
homie rollerz,0.07,Racing,homie rollerz,23.0
honeycomb beat,0.06,Puzzle,honeycomb beat,61.0
horse life,0.12,Simulation,horse life,68.0
hoshigami: ruining blue earth,0.05,Role-Playing,hoshigami: ruining blue earth,62.0
hoshigami: ruining blue earth remix,0.01,Role-Playing,hoshigami: ruining blue earth remix,55.0
hospital tycoon,0.01,Strategy,hospital tycoon,51.0
hot pixel,0.03,Puzzle,hot pixel,55.0
hot potato!,0.04,Action,hot potato!,74.0
hot shots golf 3,2.89,Sports,hot shots golf 3,85.0
hot shots golf fore!,2.66,Sports,hot shots golf fore!,80.0
hot shots golf: open tee,1.96,Sports,hot shots golf: open tee,81.0
hot shots golf: open tee 2,0.68,Sports,hot shots golf: open tee 2,82.0
hot shots golf: out of bounds,1.14,Sports,hot shots golf: out of bounds,81.0
hot shots golf: world invitational,0.87,Sports,hot shots golf: world invitational,76.0
hot shots tennis,0.9,Sports,hot shots tennis,70.0
hot shots tennis: get a grip,0.23,Sports,hot shots tennis: get a grip,80.0
hot wheels velocity x,0.74,Racing,hot wheels velocity x,54.0
hot wheels: beat that!,0.9400000000000001,Racing,hot wheels: beat that!,43.0
hotel dusk: room 215,0.54,Adventure,hotel dusk: room 215,78.0
hotel giant 2,0.03,Strategy,hotel giant 2,58.0
hour of victory,0.13,Shooter,hour of victory,37.0
how to train your dragon,1.27,Action,how to train your dragon,57.0
hsx hypersonic.xtreme,0.51,Racing,hsx hypersonic.xtreme,53.0
hugo: the evil mirror,0.01,Action,hugo: the evil mirror,58.0
hulk,1.58,Action,hulk,71.25
hummer badlands,0.07,Racing,hummer badlands,44.0
hunted: the demon's forge,0.52,Role-Playing,hunted: the demon's forge,59.666666666666664
hunter: the reckoning,0.48,Action,hunter: the reckoning,74.5
hunter: the reckoning redeemer,0.17,Action,hunter: the reckoning redeemer,72.0
hurry up hedgehog!,0.02,Racing,hurry up hedgehog!,50.0
hyper light drifter,0.01,Role-Playing,hyper light drifter,82.0
hyperdimension neptunia,0.44,Role-Playing,hyperdimension neptunia,45.0
hyperdimension neptunia mk2,0.01,Role-Playing,hyperdimension neptunia mk2,53.0
hyperdimension neptunia re;birth1,0.14,Role-Playing,hyperdimension neptunia re;birth1,69.0
hyperdimension neptunia re;birth2: sisters generation,0.1,Role-Playing,hyperdimension neptunia re;birth2: sisters generation,67.0
hyperdimension neptunia u: action unleashed,0.13,Action,hyperdimension neptunia u: action unleashed,71.0
hyperdimension neptunia victory,0.17,Role-Playing,hyperdimension neptunia victory,55.0
hyrule warriors legends,0.49,Action,hyrule warriors legends,70.0
hyrule warriors: definitive edition,0.46,Action,hyrule warriors: definitive edition,78.0
hysteria hospital: emergency ward,0.16,Action,hysteria hospital: emergency ward,49.0
i am setsuna,0.19,Role-Playing,i am setsuna,73.0
i-ninja,0.56,Platform,i-ninja,75.0
ice age,0.38,Action,ice age,47.0
ice age 2: the meltdown,1.16,Platform,ice age 2: the meltdown,67.25
ice age: dawn of the dinosaurs,1.1600000000000001,Platform,ice age: dawn of the dinosaurs,70.0
icewind dale ii,0.01,Role-Playing,icewind dale ii,83.0
ico,0.53,Adventure,ico,90.0
igi 2: covert strike,0.0,Shooter,igi 2: covert strike,64.0
igpx: immortal grand prix,0.0,Racing,igpx: immortal grand prix,55.0
ikaruga,0.09,Shooter,ikaruga,86.66666666666667
il-2 sturmovik,0.01,Simulation,il-2 sturmovik,91.0
il-2 sturmovik: 1946,0.04,Simulation,il-2 sturmovik: 1946,86.0
il-2 sturmovik: battle of stalingrad,0.0,Action,il-2 sturmovik: battle of stalingrad,74.0
il-2 sturmovik: birds of prey,1.45,Simulation,il-2 sturmovik: birds of prey,80.5
il-2 sturmovik: cliffs of dover,0.05,Simulation,il-2 sturmovik: cliffs of dover,60.0
il-2 sturmovik: forgotten battles,0.02,Simulation,il-2 sturmovik: forgotten battles,86.0
immortal cities: children of the nile,0.0,Strategy,immortal cities: children of the nile,75.0
imperial glory,0.04,Strategy,imperial glory,69.0
imperium romanum,0.01,Strategy,imperium romanum,63.0
impossible creatures,0.01,Strategy,impossible creatures,72.0
impossible mission,0.18,Platform,impossible mission,61.0
in cold blood,0.03,Adventure,in cold blood,67.0
in the groove,0.07,Misc,in the groove,72.0
inazuma eleven,0.53,Role-Playing,inazuma eleven,76.0
inazuma eleven 3: team ogre attacks!,0.03,Role-Playing,inazuma eleven 3: team ogre attacks!,70.0
inazuma eleven strikers,0.26,Sports,inazuma eleven strikers,59.0
incredible crisis,0.08,Action,incredible crisis,80.0
indiana jones and the emperor's tomb,0.18,Action,indiana jones and the emperor's tomb,70.33333333333333
indiana jones and the staff of kings,1.51,Action,indiana jones and the staff of kings,59.0
indianapolis 500 legends,0.22,Racing,indianapolis 500 legends,49.0
indigo prophecy,0.27,Adventure,indigo prophecy,84.0
indycar series,0.16999999999999998,Racing,indycar series,70.66666666666667
indycar series 2005,0.08,Action,indycar series 2005,72.0
infamous 2,1.87,Action,infamous 2,83.0
infamous: first light,0.03,Action,infamous: first light,73.0
infected,0.15,Shooter,infected,74.0
infernal: hell's vengeance,0.08,Shooter,infernal: hell's vengeance,35.0
infinite space,0.2,Role-Playing,infinite space,75.0
injustice 2,2.61,Fighting,injustice 2,87.33333333333333
injustice: gods among us,2.9,Fighting,injustice: gods among us,79.5
inkheart,0.02,Adventure,inkheart,39.0
innocent life: a futuristic harvest moon,0.16,Simulation,innocent life: a futuristic harvest moon,67.0
insecticide,0.06,Adventure,insecticide,55.0
intellivision lives!,0.27,Misc,intellivision lives!,62.0
inuyasha: feudal combat,0.27,Fighting,inuyasha: feudal combat,52.0
inuyasha: secret of the divine jewel,0.09,Role-Playing,inuyasha: secret of the divine jewel,46.0
inuyasha: the secret of the cursed mask,0.43,Role-Playing,inuyasha: the secret of the cursed mask,51.0
inversion,0.14,Shooter,inversion,54.5
invizimals,0.79,Strategy,invizimals,69.0
invizimals: the alliance,0.09,Action-Adventure,invizimals: the alliance,69.0
invizimals: the lost kingdom,0.02,Action-Adventure,invizimals: the lost kingdom,50.0
iridion 3d,0.46,Shooter,iridion 3d,53.0
iridion ii,0.13,Shooter,iridion ii,78.0
iron man,3.52,Action,iron man,44.285714285714285
iron man 2,1.71,Action,iron man 2,45.2
iron phoenix,0.02,Fighting,iron phoenix,58.0
iron storm,0.34,Strategy,iron storm,69.0
ittle dew 2+,0.06,Action,ittle dew 2+,77.0
ivy the kiwi?,0.11,Puzzle,ivy the kiwi?,71.5
izuna 2: the unemployed ninja returns,0.06,Role-Playing,izuna 2: the unemployed ninja returns,65.0
izuna: legend of the unemployed ninja,0.0,Role-Playing,izuna: legend of the unemployed ninja,66.0
jack keane,0.03,Adventure,jack keane,69.0
jackass the game,0.5,Action,jackass the game,50.333333333333336
jade cocoon 2,0.1,Role-Playing,jade cocoon 2,76.0
jade empire,0.7,Role-Playing,jade empire,89.0
jade empire: special edition,0.0,Role-Playing,jade empire: special edition,81.0
jagged alliance: rage!,0.02,Strategy,jagged alliance: rage!,56.5
jak 3,1.85,Platform,jak 3,84.0
jak and daxter collection,0.93,Platform,jak and daxter collection,74.0
jak and daxter: the lost frontier,1.08,Platform,jak and daxter: the lost frontier,71.5
jak and daxter: the precursor legacy,3.64,Platform,jak and daxter: the precursor legacy,90.0
jak x: combat racing,0.55,Racing,jak x: combat racing,76.0
jake hunter: detective chronicles,0.02,Adventure,jake hunter: detective chronicles,47.0
jam sessions 2,0.07,Misc,jam sessions 2,66.0
james bond 007: agent under fire,5.1499999999999995,Shooter,james bond 007: agent under fire,72.33333333333333
james bond 007: blood stone,1.24,Action,james bond 007: blood stone,65.0
james bond 007: everything or nothing,3.54,Shooter,james bond 007: everything or nothing,81.0
james bond 007: nightfire,5.0600000000000005,Shooter,james bond 007: nightfire,78.33333333333333
james cameron's avatar: the game,3.44,Action,james cameron's avatar: the game,60.0
james cameron's dark angel,0.24000000000000002,Action,james cameron's dark angel,47.5
james noir's hollywood crimes,0.16,Adventure,james noir's hollywood crimes,60.0
james patterson women's murder club: games of passion,0.41,Adventure,james patterson women's murder club: games of passion,53.0
jasf: jane's advanced strike fighters,0.24,Simulation,jasf: jane's advanced strike fighters,41.0
jaws unleashed,0.75,Action,jaws unleashed,52.666666666666664
jazz jackrabbit,0.0,Action,jazz jackrabbit,68.0
jeanne d'arc,0.33,Role-Playing,jeanne d'arc,87.0
jenga world tour,0.14,Misc,jenga world tour,29.0
jeremy mcgrath supercross 2000,1.0,Racing,jeremy mcgrath supercross 2000,43.0
jeremy mcgrath supercross world,0.35,Racing,jeremy mcgrath supercross world,35.5
jet grind radio,0.03,Action,jet grind radio,84.0
job simulator,0.12,Simulation,job simulator,71.0
john daly's prostroke golf,0.12,Sports,john daly's prostroke golf,58.0
john deere: harvest in the heartland,0.29,Simulation,john deere: harvest in the heartland,43.0
joint task force,0.0,Strategy,joint task force,68.0
jojo's bizarre adventure: eyes of heaven,0.08,Fighting,jojo's bizarre adventure: eyes of heaven,61.0
jolly rover,0.0,Adventure,jolly rover,71.0
jonah lomu rugby challenge,0.6,Sports,jonah lomu rugby challenge,73.0
jonny moseley mad trix,0.14,Sports,jonny moseley mad trix,44.0
journey,0.17,Adventure,journey,92.0
journey to the center of the earth,0.01,Adventure,journey to the center of the earth,65.0
joust,1.08,Platform,joust,68.0
jsrf: jet set radio future,0.21,Action,jsrf: jet set radio future,88.0
ju-on: the grudge,0.1,Adventure,ju-on: the grudge,39.0
judge dredd: dredd vs death,0.05,Shooter,judge dredd: dredd vs death,55.0
judgment,0.22,Action-Adventure,judgment,82.33333333333333
juiced,0.71,Racing,juiced,66.33333333333333
juiced 2: hot import nights,1.89,Racing,juiced 2: hot import nights,70.33333333333333
juiced: eliminator,0.42,Racing,juiced: eliminator,65.0
jumper: griffin's story,0.22,Action,jumper: griffin's story,29.0
jumpstart: escape from adventure island,0.41,Adventure,jumpstart: escape from adventure island,68.0
jurassic park: operation genesis,0.36000000000000004,Simulation,jurassic park: operation genesis,72.0
jurassic park: the game,0.16,Action,jurassic park: the game,55.666666666666664
jurassic world evolution,0.73,Simulation,jurassic world evolution,71.0
just cause,0.18000000000000002,Action,just cause,72.25
just cause 2,3.35,Action,just cause 2,82.66666666666667
just cause 3,3.15,Action-Adventure,just cause 3,72.66666666666667
just cause 4,0.8500000000000001,Action-Adventure,just cause 4,67.66666666666667
just dance 2014,6.9,Music,just dance 2014,75.5
just dance 2015,4.68,Music,just dance 2015,71.0
just dance 2016,3.06,Music,just dance 2016,70.66666666666667
just dance 2017,2.71,Music,just dance 2017,72.66666666666667
just dance 2018,2.0,Music,just dance 2018,73.0
just dance 2019,1.49,Music,just dance 2019,74.5
just dance 3,2.65,Misc,just dance 3,72.0
just dance 4,8.93,Music,just dance 4,72.33333333333333
justice league heroes,0.32,Role-Playing,justice league heroes,62.75
justice league heroes: the flash,0.03,Action,justice league heroes: the flash,72.0
justice league: chronicles,0.04,Platform,justice league: chronicles,43.0
k-1 world grand prix,0.18,Sports,k-1 world grand prix,67.0
kabuki warriors,0.06,Action,kabuki warriors,32.0
kakuto chojin,0.05,Fighting,kakuto chojin,46.0
kane & lynch 2: dog days,1.08,Shooter,kane & lynch 2: dog days,63.666666666666664
kane & lynch: dead men,1.51,Shooter,kane & lynch: dead men,65.33333333333333
kao the kangaroo,0.01,Platform,kao the kangaroo,57.5
kao the kangaroo round 2,0.04,Platform,kao the kangaroo round 2,59.0
karaoke revolution,1.1,Misc,karaoke revolution,76.33333333333333
karaoke revolution party,0.44,Misc,karaoke revolution party,79.33333333333333
karaoke revolution volume 2,0.23,Misc,karaoke revolution volume 2,76.0
karaoke revolution volume 3,0.32,Misc,karaoke revolution volume 3,82.0
karnaaj rally,0.01,Racing,karnaaj rally,81.0
katamari damacy,0.73,Puzzle,katamari damacy,86.0
katamari damacy reroll,0.17,Action,katamari damacy reroll,83.33333333333333
katamari forever,0.41,Puzzle,katamari forever,74.0
keepsake,0.0,Adventure,keepsake,68.0
kelly slater's pro surfer,0.62,Sports,kelly slater's pro surfer,79.0
kengo: legend of the 9,0.07,Fighting,kengo: legend of the 9,38.0
kengo: master of bushido,0.39,Fighting,kengo: master of bushido,62.0
kenka bancho: badass rumble,0.29,Action,kenka bancho: badass rumble,70.0
kessen,0.95,Strategy,kessen,75.0
kessen ii,0.46,Strategy,kessen ii,71.0
kessen iii,0.07,Strategy,kessen iii,73.0
kill.switch,0.96,Shooter,kill.switch,71.33333333333333
killer is dead,0.37,Action,killer is dead,64.0
killer7,0.24,Action,killer7,72.0
killing floor 2,0.33,Shooter,killing floor 2,76.33333333333333
killzone 3,2.81,Shooter,killzone 3,84.0
killzone: liberation,0.9,Shooter,killzone: liberation,77.0
killzone: mercenary,0.92,Misc,killzone: mercenary,78.0
kinect joy ride,1.43,Racing,kinect joy ride,52.0
kinect sports rivals,0.62,Sports,kinect sports rivals,60.0
kinect sports: season two,2.33,Sports,kinect sports: season two,66.0
kinect: disneyland adventures,2.41,Action-Adventure,kinect: disneyland adventures,73.0
kinectimals,1.62,Simulation,kinectimals,74.0
kinetica,0.32,Racing,kinetica,77.0
king arthur,0.22,Adventure,king arthur,60.0
king arthur ii: the role-playing wargame,0.03,Strategy,king arthur ii: the role-playing wargame,66.0
king of clubs,0.0,Sports,king of clubs,35.0
king of fighters: maximum impact,0.26,Fighting,king of fighters: maximum impact,64.0
king's bounty: armored princess,0.01,Strategy,king's bounty: armored princess,82.0
king's bounty: the legend,0.0,Strategy,king's bounty: the legend,79.0
king's field: the ancient city,0.1,Role-Playing,king's field: the ancient city,60.0
kingdom come: deliverance,0.78,Role-Playing,kingdom come: deliverance,71.0
kingdom hearts hd i.5 + ii.5 remix,0.0,Action,kingdom hearts hd i.5 + ii.5 remix,84.0
kingdom hearts re: chain of memories,0.87,Role-Playing,kingdom hearts re: chain of memories,68.0
kingdom hearts re:coded,0.93,Role-Playing,kingdom hearts re:coded,66.0
kingdom of paradise,0.15,Role-Playing,kingdom of paradise,72.0
kingdom under fire: circle of doom,0.37,Role-Playing,kingdom under fire: circle of doom,55.0
kingdom under fire: heroes,0.15,Strategy,kingdom under fire: heroes,78.0
kingdom under fire: the crusaders,0.32,Strategy,kingdom under fire: the crusaders,81.0
kingdoms of amalur: reckoning,1.72,Role-Playing,kingdoms of amalur: reckoning,80.66666666666667
kirby and the rainbow curse,0.58,Platform,kirby and the rainbow curse,73.0
kirby: canvas curse,0.72,Platform,kirby: canvas curse,86.0
kiss pinball,0.31,Action,kiss pinball,26.0
klonoa,0.16,Platform,klonoa,77.0
klonoa 2: dream champ tournament,0.03,Platform,klonoa 2: dream champ tournament,78.0
klonoa 2: lunatea's veil,0.33,Platform,klonoa 2: lunatea's veil,91.0
knack 2,0.47,Platform,knack 2,69.0
knights contract,0.16,Action,knights contract,50.0
knights in the nightmare,0.16999999999999998,Role-Playing,knights in the nightmare,75.5
knights of honor,0.03,Strategy,knights of honor,77.0
knockout kings 2001,0.97,Fighting,knockout kings 2001,82.5
knockout kings 2002,1.1800000000000002,Sports,knockout kings 2002,77.0
knockout kings 2003,0.15,Sports,knockout kings 2003,78.0
knowledge is power,0.61,Party,knowledge is power,71.0
koihime enbu,0.03,Fighting,koihime enbu,68.0
kokuga,0.01,Shooter,kokuga,77.0
konami classics series: arcade hits,0.03,Misc,konami classics series: arcade hits,76.0
konami collector's series: arcade advanced,0.64,Misc,konami collector's series: arcade advanced,78.0
konami krazy racers,0.16,Racing,konami krazy racers,78.0
konductra,0.02,Puzzle,konductra,60.0
kong: the 8th wonder of the world,0.47,Action,kong: the 8th wonder of the world,59.0
korg ds-10 synthesizer,0.22,Misc,korg ds-10 synthesizer,82.0
kororinpa: marble mania,0.13,Puzzle,kororinpa: marble mania,69.0
kung fu chaos,0.28,Fighting,kung fu chaos,68.0
kung fu panda,6.42,Platform,kung fu panda,73.0
kung fu panda: legendary warriors,0.1,Action,kung fu panda: legendary warriors,73.0
kung fu rider,0.2,Action,kung fu rider,36.0
kuon,0.02,Adventure,kuon,57.0
kya: dark lineage,0.16,Adventure,kya: dark lineage,69.0
l.a. noire,7.24,Adventure,l.a. noire,82.0
l.a. noire: the complete edition,0.04,Adventure,l.a. noire: the complete edition,83.0
l.a. rush,0.61,Racing,l.a. rush,58.5
la pucelle: tactics,0.19,Role-Playing,la pucelle: tactics,79.0
labyrinth of refrain: coven of dusk,0.08,Action,labyrinth of refrain: coven of dusk,75.0
lady sia,0.11,Platform,lady sia,73.0
lair,0.51,Action,lair,53.0
land of the dead: road to fiddler's green,0.06,Shooter,land of the dead: road to fiddler's green,32.0
lapis x labyrinth,0.02,Role-Playing,lapis x labyrinth,71.0
lara croft and the temple of osiris,0.09,Action,lara croft and the temple of osiris,73.0
lara croft tomb raider: the angel of darkness,1.25,Action,lara croft tomb raider: the angel of darkness,50.5
last rebellion,0.09,Role-Playing,last rebellion,44.0
lbx: little battlers experience,0.21,Action,lbx: little battlers experience,73.0
le mans 24 hours,0.2,Racing,le mans 24 hours,67.5
left 4 dead 2,0.36,Shooter,left 4 dead 2,89.0
legacy of kain: defiance,0.73,Adventure,legacy of kain: defiance,73.0
legacy of kain: soul reaver,1.04,Adventure,legacy of kain: soul reaver,91.0
legacy of ys: books i & ii,0.02,Role-Playing,legacy of ys: books i & ii,67.0
legaia 2: duel saga,0.26,Role-Playing,legaia 2: duel saga,67.0
legasista,0.04,Role-Playing,legasista,68.0
legend of kay,0.11,Action,legend of kay,72.0
legend of kay anniversary,0.24000000000000002,Action,legend of kay anniversary,61.75
legend of the dragon,0.09,Fighting,legend of the dragon,37.5
legend of the guardians: the owls of ga'hoole,0.39,Action,legend of the guardians: the owls of ga'hoole,61.0
legend: hand of god,0.02,Role-Playing,legend: hand of god,57.0
legendary,0.41000000000000003,Shooter,legendary,49.0
legends of wrestling,1.03,Fighting,legends of wrestling,56.666666666666664
legends of wrestling ii,0.65,Fighting,legends of wrestling ii,51.0
legion: the legend of excalibur,0.22,Action,legion: the legend of excalibur,51.0
lego batman 2: dc super heroes,6.41,Action-Adventure,lego batman 2: dc super heroes,74.75
lego batman 3: beyond gotham,4.43,Action,lego batman 3: beyond gotham,73.5
lego batman: the videogame,13.55,Adventure,lego batman: the videogame,75.66666666666667
lego battles,1.29,Strategy,lego battles,65.0
lego battles: ninjago,1.48,Strategy,lego battles: ninjago,59.0
lego city undercover,1.7,Platform,lego city undercover,78.0
lego city undercover: the chase begins,0.03,Action,lego city undercover: the chase begins,62.0
lego dc super-villains,1.2,Action-Adventure,lego dc super-villains,73.66666666666667
lego dimensions,4.23,Action,lego dimensions,80.0
lego harry potter collection,1.43,Action,lego harry potter collection,73.0
lego harry potter: years 1-4,8.46,Adventure,lego harry potter: years 1-4,77.6
lego harry potter: years 5-7,5.02,Action,lego harry potter: years 5-7,72.8
lego indiana jones 2: the adventure continues,5.16,Adventure,lego indiana jones 2: the adventure continues,69.75
lego indiana jones: the original adventures,11.93,Adventure,lego indiana jones: the original adventures,77.57142857142857
lego jurassic world,5.68,Action,lego jurassic world,70.75
lego marvel super heroes,8.12,Action,lego marvel super heroes,81.0
lego marvel super heroes 2,2.35,Action,lego marvel super heroes 2,74.33333333333333
lego marvel's avengers,3.12,Action,lego marvel's avengers,71.0
lego pirates of the caribbean: the video game,5.51,Action,lego pirates of the caribbean: the video game,72.6
lego rock band,2.13,Misc,lego rock band,74.0
lego soccer mania,0.16,Sports,lego soccer mania,61.0
lego star wars ii: the original trilogy,7.32,Action,lego star wars ii: the original trilogy,78.57142857142857
lego star wars iii: the clone wars,7.33,Action,lego star wars iii: the clone wars,72.66666666666667
lego star wars: the complete saga,15.33,Action,lego star wars: the complete saga,80.0
lego star wars: the force awakens,3.15,Action-Adventure,lego star wars: the force awakens,75.33333333333333
lego the hobbit,2.46,Action-Adventure,lego the hobbit,70.5
lego the incredibles,1.48,Action,lego the incredibles,69.33333333333333
lego the lord of the rings,4.1,Misc,lego the lord of the rings,72.0
lego worlds,2.4099999999999997,Misc,lego worlds,66.25
leisure suit larry: box office bust,0.27,Adventure,leisure suit larry: box office bust,22.5
leisure suit larry: magna cum laude,0.51,Adventure,leisure suit larry: magna cum laude,60.333333333333336
leisure suit larry: wet dreams don't dry,0.01,Adventure,leisure suit larry: wet dreams don't dry,65.0
lemmings,0.86,Puzzle,lemmings,67.5
lemony snicket's a series of unfortunate events,1.44,Platform,lemony snicket's a series of unfortunate events,67.25
let it die,0.01,Action,let it die,72.0
let's tap,0.17,Misc,let's tap,70.0
lethal skies elite pilot: team sw,0.22,Simulation,lethal skies elite pilot: team sw,59.0
lethal skies ii,0.16,Simulation,lethal skies ii,73.0
life is strange,0.54,Adventure,life is strange,84.0
life is strange: before the storm,0.31,Adventure,life is strange: before the storm,77.0
lifeline,0.07,Adventure,lifeline,61.0
lifesigns: surgical unit,0.01,Simulation,lifesigns: surgical unit,61.0
lightning returns: final fantasy xiii,1.36,Misc,lightning returns: final fantasy xiii,67.0
limbo,0.0,Platform,limbo,87.75
line rider 2: unbound,0.1,Puzzle,line rider 2: unbound,60.5
links 2004,0.29,Sports,links 2004,80.0
lionheart: kings' crusade,0.01,Strategy,lionheart: kings' crusade,71.0
lips,0.77,Misc,lips,71.0
lips: number one hits,0.55,Music,lips: number one hits,70.0
lips: party classics,0.18,Misc,lips: party classics,69.0
little king's story,0.01,Misc,little king's story,74.5
little league world series baseball 2008,0.15,Sports,little league world series baseball 2008,70.0
little nightmares,0.6,Platform,little nightmares,80.66666666666667
little red riding hood's zombie bbq,0.04,Shooter,little red riding hood's zombie bbq,68.0
little witch academia: chamber of time,0.01,Role-Playing,little witch academia: chamber of time,58.0
littlebigplanet,2.61,Platform,littlebigplanet,91.0
littlebigplanet 2,3.43,Platform,littlebigplanet 2,91.0
littlebigplanet 3,0.64,Platform,littlebigplanet 3,79.0
littlebigplanet karting,0.88,Racing,littlebigplanet karting,73.0
littlebigplanet ps vita,1.38,Platform,littlebigplanet ps vita,88.0
lock on: modern air combat,0.03,Simulation,lock on: modern air combat,76.0
lock's quest,0.12,Strategy,lock's quest,80.0
locoroco,0.39,Platform,locoroco,81.0
locoroco 2,0.36,Platform,locoroco 2,85.0
lode runner,1.12,Puzzle,lode runner,76.0
lollipop chainsaw,1.15,Action,lollipop chainsaw,68.5
london detective mysteria,0.01,Visual Novel,london detective mysteria,68.0
looney tunes racing,0.29,Racing,looney tunes racing,71.0
looney tunes: acme arsenal,0.6900000000000001,Action,looney tunes: acme arsenal,35.0
looney tunes: back in action,0.85,Platform,looney tunes: back in action,49.0
looney tunes: cartoon conductor,0.04,Misc,looney tunes: cartoon conductor,67.0
looney tunes: duck amuck,0.3,Action,looney tunes: duck amuck,66.0
looney tunes: sheep raider,0.12,Platform,looney tunes: sheep raider,72.0
looney tunes: space race,0.2,Racing,looney tunes: space race,72.5
lord of arcana,0.34,Role-Playing,lord of arcana,53.0
lord of magna: maiden heaven,0.06,Role-Playing,lord of magna: maiden heaven,68.0
lords of the fallen,0.77,Role-Playing,lords of the fallen,70.66666666666667
lords of xulima,0.0,Role-Playing,lords of xulima,71.0
lost dimension,0.18,Role-Playing,lost dimension,71.5
lost grimoires: stolen kingdom,0.0,Adventure,lost grimoires: stolen kingdom,63.0
lost horizon,0.11,Adventure,lost horizon,77.0
lost in blue,0.11,Adventure,lost in blue,69.0
lost in blue 2,0.07,Adventure,lost in blue 2,58.0
lost in blue 3,0.17,Adventure,lost in blue 3,59.0
lost in blue: shipwrecked,0.08,Adventure,lost in blue: shipwrecked,54.0
lost in shadow,0.12,Platform,lost in shadow,68.0
lost kingdoms,0.17,Role-Playing,lost kingdoms,72.0
lost kingdoms ii,0.06,Role-Playing,lost kingdoms ii,68.0
lost magic,0.12,Role-Playing,lost magic,68.0
lost odyssey,0.9,Role-Playing,lost odyssey,78.0
lost planet 2,1.74,Shooter,lost planet 2,66.33333333333333
lost planet 3,0.32999999999999996,Shooter,lost planet 3,60.0
lost planet: extreme condition,0.64,Shooter,lost planet: extreme condition,70.66666666666667
lost planet: extreme condition colonies edition,0.0,Shooter,lost planet: extreme condition colonies edition,74.0
lost sphear,0.06,Role-Playing,lost sphear,68.66666666666667
lost: via domus,1.0999999999999999,Action,lost: via domus,53.666666666666664
lowrider,0.26,Misc,lowrider,46.0
lufia: curse of the sinistrals,0.16,Role-Playing,lufia: curse of the sinistrals,80.0
lufia: the ruins of lore,0.05,Role-Playing,lufia: the ruins of lore,76.0
luigi's mansion,0.47,Adventure,luigi's mansion,76.0
lumines: electronic symphony,0.24,Puzzle,lumines: electronic symphony,83.0
luminous arc,0.24,Role-Playing,luminous arc,70.0
luminous arc 2,0.22,Role-Playing,luminous arc 2,73.0
lumo,0.08,Puzzle,lumo,75.66666666666667
lunar 2: eternal blue complete,0.35,Role-Playing,lunar 2: eternal blue complete,86.0
lunar knights,0.23,Role-Playing,lunar knights,82.0
lunar legend,0.19,Role-Playing,lunar legend,79.0
lunar: dragon song,0.12,Role-Playing,lunar: dragon song,59.0
lunar: silver star harmony,0.24,Role-Playing,lunar: silver star harmony,80.0
lunar: silver star story complete,0.76,Role-Playing,lunar: silver star story complete,78.0
lupin the 3rd: treasure of the sorcerer king,0.29,Adventure,lupin the 3rd: treasure of the sorcerer king,67.0
lux-pain,0.05,Adventure,lux-pain,48.0
luxor: the wrath of set,0.02,Puzzle,luxor: the wrath of set,60.0
mad dash racing,0.15,Racing,mad dash racing,65.0
mad maestro!,0.06,Misc,mad maestro!,65.0
madagascar,3.44,Platform,madagascar,70.75
madagascar 3: the video game,0.0,Misc,madagascar 3: the video game,45.0
madagascar: escape 2 africa,2.16,Action,madagascar: escape 2 africa,60.0
madden nfl 06,9.03,Sports,madden nfl 06,78.0
madden nfl 07,3.74,Sports,madden nfl 07,79.33333333333333
madden nfl 08,8.14,Sports,madden nfl 08,77.66666666666667
madden nfl 09,7.13,Sports,madden nfl 09,78.66666666666667
madden nfl 09 all-play,0.84,Sports,madden nfl 09 all-play,82.0
madden nfl 10,7.57,Sports,madden nfl 10,82.33333333333333
madden nfl 11,6.71,Sports,madden nfl 11,83.5
madden nfl 12,5.640000000000001,Sports,madden nfl 12,78.5
madden nfl 13,6.74,Sports,madden nfl 13,79.66666666666667
madden nfl 15,7.43,Sports,madden nfl 15,80.5
madden nfl 16,7.59,Sports,madden nfl 16,83.5
madden nfl 17,6.4399999999999995,Sports,madden nfl 17,82.5
madden nfl 18,4.53,Sports,madden nfl 18,82.0
madden nfl 19,3.7199999999999998,Sports,madden nfl 19,80.5
madden nfl 2001,3.81,Sports,madden nfl 2001,86.33333333333333
madden nfl 2002,6.41,Sports,madden nfl 2002,86.4
madden nfl 2003,5.89,Sports,madden nfl 2003,92.0
madden nfl 2004,7.140000000000001,Sports,madden nfl 2004,88.2
madden nfl 2005,7.6000000000000005,Sports,madden nfl 2005,84.0
madden nfl 25,6.16,Sports,madden nfl 25,75.75
madden nfl football,0.41,Sports,madden nfl football,49.0
madworld,0.78,Action,madworld,81.0
mafia,0.97,Action,mafia,73.0
mafia ii,3.05,Action,mafia ii,75.33333333333333
mafia iii,3.9800000000000004,Action-Adventure,mafia iii,65.66666666666667
mage knight: apocalypse,0.0,Role-Playing,mage knight: apocalypse,47.0
mage knight: destiny's soldier,0.02,Strategy,mage knight: destiny's soldier,59.0
magic pengel: the quest for color,0.07,Role-Playing,magic pengel: the quest for color,74.0
magic: the gathering - battlegrounds,0.16,Strategy,magic: the gathering - battlegrounds,70.0
magician's quest: mysterious times,0.53,Role-Playing,magician's quest: mysterious times,69.0
magna carta 2,0.3,Role-Playing,magna carta 2,69.0
magna carta: tears of blood,0.22,Role-Playing,magna carta: tears of blood,66.0
magnetica,0.14,Puzzle,magnetica,68.0
magus,0.01,Action,magus,32.0
mahjong cub3d,0.09,Puzzle,mahjong cub3d,67.0
majesty 2: the fantasy kingdom sim,0.05,Strategy,majesty 2: the fantasy kingdom sim,72.0
majin and the forsaken kingdom,0.48,Adventure,majin and the forsaken kingdom,73.0
major league baseball 2k10,1.4100000000000001,Sports,major league baseball 2k10,75.0
major league baseball 2k11,1.08,Sports,major league baseball 2k11,70.5
major league baseball 2k12,1.09,Sports,major league baseball 2k12,68.0
major league baseball 2k5,2.04,Sports,major league baseball 2k5,81.5
major league baseball 2k6,1.43,Sports,major league baseball 2k6,68.25
major league baseball 2k7,1.66,Sports,major league baseball 2k7,76.5
major league baseball 2k8,1.24,Sports,major league baseball 2k8,66.66666666666667
major league baseball 2k9,1.3,Sports,major league baseball 2k9,62.5
major minor's majestic march,0.05,Misc,major minor's majestic march,46.0
makai kingdom: chronicles of the sacred tome,0.12,Role-Playing,makai kingdom: chronicles of the sacred tome,77.0
malice,0.03,Platform,malice,49.5
mall tycoon,0.0,Strategy,mall tycoon,41.0
mana khemia 2: fall of alchemy,0.2,Role-Playing,mana khemia 2: fall of alchemy,70.0
mana khemia: alchemists of al-revis,0.06,Role-Playing,mana khemia: alchemists of al-revis,69.0
mana khemia: student alliance,0.11,Role-Playing,mana khemia: student alliance,41.0
manhunt,1.47,Action,manhunt,75.0
manhunt 2,1.4100000000000001,Action,manhunt 2,66.0
marble saga: kororinpa,0.16,Puzzle,marble saga: kororinpa,74.0
marc ecko's getting up: contents under pressure,0.05,Action,marc ecko's getting up: contents under pressure,69.66666666666667
march of the penguins,0.05,Adventure,march of the penguins,34.0
mario & luigi: bowser's inside story + bowser jr.'s journey,0.01,Role-Playing,mario & luigi: bowser's inside story + bowser jr.'s journey,84.0
mario & sonic at the london 2012 olympic games,1.19,Sports,mario & sonic at the london 2012 olympic games,66.0
mario & sonic at the olympic games,5.1,Sports,mario & sonic at the olympic games,68.5
mario & sonic at the olympic winter games,8.01,Sports,mario & sonic at the olympic winter games,74.0
mario & sonic at the rio 2016 olympic games,1.19,Sports,mario & sonic at the rio 2016 olympic games,62.5
mario & sonic at the sochi 2014 olympic winter games,0.8,Sports,mario & sonic at the sochi 2014 olympic winter games,55.0
mario golf,0.31,Sports,mario golf,91.0
mario golf: advance tour,0.45,Sports,mario golf: advance tour,84.0
mario golf: world tour,0.49,Sports,mario golf: world tour,78.0
mario party advance,0.98,Misc,mario party advance,54.0
mario party: star rush,0.87,Party,mario party: star rush,68.0
mario party: the top 100,0.69,Party,mario party: the top 100,59.0
mario pinball land,0.69,Misc,mario pinball land,62.0
mario sports superstars,0.46,Sports,mario sports superstars,62.0
mario tennis,0.07,Sports,mario tennis,91.0
mario tennis: power tour,0.52,Sports,mario tennis: power tour,81.0
mario vs. donkey kong: tipping stars,0.1,Puzzle,mario vs. donkey kong: tipping stars,70.0
mark mcmorris infinite air,0.12,Sports,mark mcmorris infinite air,50.0
marvel avengers: battle for earth,0.13999999999999999,Misc,marvel avengers: battle for earth,56.0
marvel nemesis: rise of the imperfects,1.83,Fighting,marvel nemesis: rise of the imperfects,55.75
marvel super hero squad,1.27,Adventure,marvel super hero squad,50.0
marvel super hero squad: the infinity gauntlet,0.91,Action,marvel super hero squad: the infinity gauntlet,55.0
marvel trading card game,0.12,Misc,marvel trading card game,62.0
marvel vs. capcom 2,1.04,Fighting,marvel vs. capcom 2,79.6
marvel vs. capcom 3: fate of two worlds,2.43,Fighting,marvel vs. capcom 3: fate of two worlds,84.5
marvel vs. capcom: infinite,1.04,Fighting,marvel vs. capcom: infinite,72.66666666666667
marvel's guardians of the galaxy: the telltale series,0.16999999999999998,Adventure,marvel's guardians of the galaxy: the telltale series,78.0
marvel: ultimate alliance,4.4799999999999995,Role-Playing,marvel: ultimate alliance,80.0
marvel: ultimate alliance 2,2.82,Role-Playing,marvel: ultimate alliance 2,65.5
mary skelter: nightmares,0.06,Role-Playing,mary skelter: nightmares,76.0
mass effect,3.58,Role-Playing,mass effect,90.0
mass effect 2,4.95,Role-Playing,mass effect 2,94.66666666666667
mass effect 3,5.74,Role-Playing,mass effect 3,91.66666666666667
mass effect: andromeda,2.4,Role-Playing,mass effect: andromeda,73.0
master of illusion,0.43,Puzzle,master of illusion,69.0
master of the monster lair,0.11,Role-Playing,master of the monster lair,56.0
mat hoffman's pro bmx,0.81,Sports,mat hoffman's pro bmx,74.75
mat hoffman's pro bmx 2,0.86,Sports,mat hoffman's pro bmx 2,73.66666666666667
matt hazard: blood bath and beyond,0.0,Shooter,matt hazard: blood bath and beyond,64.0
max & the magic marker,0.08,Platform,max & the magic marker,73.5
max payne,4.58,Shooter,max payne,84.0
max payne 2: the fall of max payne,2.0100000000000002,Shooter,max payne 2: the fall of max payne,81.0
max payne 3,3.49,Shooter,max payne 3,86.66666666666667
max: the curse of brotherhood,0.01,Action-Adventure,max: the curse of brotherhood,70.66666666666667
maximo vs army of zin,0.21,Platform,maximo vs army of zin,83.0
maximo: ghosts to glory,0.77,Platform,maximo: ghosts to glory,84.0
maximum capacity: hotel giant,0.02,Strategy,maximum capacity: hotel giant,59.0
maximum chase,0.07,Racing,maximum chase,56.0
mc groovz dance craze,0.2,Misc,mc groovz dance craze,42.0
mcfarlane's evil prophecy,0.07,Action,mcfarlane's evil prophecy,34.0
mdk2,0.0,Shooter,mdk2,83.0
me & my katamari,0.23,Puzzle,me & my katamari,75.0
mech platoon,0.0,Strategy,mech platoon,77.0
mechanic master,0.11,Puzzle,mechanic master,76.0
mechassault,1.13,Simulation,mechassault,87.0
mechassault 2: lone wolf,0.36,Simulation,mechassault 2: lone wolf,81.0
mechassault: phantom war,0.03,Simulation,mechassault: phantom war,66.0
mechwarrior 4: mercenaries,0.0,Simulation,mechwarrior 4: mercenaries,83.0
mechwarrior 4: vengeance,0.0,Simulation,mechwarrior 4: vengeance,87.0
medal of honor,8.62,Shooter,medal of honor,78.25
medal of honor heroes,2.66,Shooter,medal of honor heroes,71.0
medal of honor heroes 2,1.5699999999999998,Shooter,medal of honor heroes 2,71.0
medal of honor: airborne,2.36,Shooter,medal of honor: airborne,75.33333333333333
medal of honor: allied assault,0.0,Shooter,medal of honor: allied assault,91.0
medal of honor: european assault,0.53,Shooter,medal of honor: european assault,72.0
medal of honor: pacific assault,0.0,Shooter,medal of honor: pacific assault,80.0
medal of honor: rising sun,6.72,Shooter,medal of honor: rising sun,68.0
medal of honor: vanguard,0.13,Shooter,medal of honor: vanguard,59.5
medal of honor: warfighter,2.9299999999999997,Shooter,medal of honor: warfighter,54.333333333333336
"medieval lords: build, defend, expand",0.0,Strategy,"medieval lords: build, defend, expand",57.0
medieval moves: deadmund's quest,0.28,Action,medieval moves: deadmund's quest,61.0
medieval: total war,0.0,Strategy,medieval: total war,88.0
medievil,0.83,Adventure,medievil,67.0
medievil: resurrection,0.82,Adventure,medievil: resurrection,66.0
mega brain boost,0.01,Puzzle,mega brain boost,48.0
mega man & bass,0.23,Platform,mega man & bass,79.0
mega man 11,0.59,Platform,mega man 11,79.5
mega man anniversary collection,1.14,Platform,mega man anniversary collection,80.66666666666667
mega man battle network,0.42,Role-Playing,mega man battle network,79.0
mega man battle network 2,0.8500000000000001,Role-Playing,mega man battle network 2,81.0
mega man legacy collection,0.26,Platform,mega man legacy collection,80.4
mega man legacy collection 2,0.12000000000000001,Action,mega man legacy collection 2,73.66666666666667
mega man legends 2,0.42,Adventure,mega man legends 2,76.0
mega man maverick hunter x,0.31,Platform,mega man maverick hunter x,79.0
mega man network transmission,0.17,Platform,mega man network transmission,65.0
mega man powered up,0.14,Platform,mega man powered up,82.0
mega man x collection,0.37,Misc,mega man x collection,74.0
mega man x legacy collection 2,0.02,Platform,mega man x legacy collection 2,60.0
mega man x5,0.75,Platform,mega man x5,76.0
mega man x6,0.42,Platform,mega man x6,65.0
mega man x7,0.58,Platform,mega man x7,58.0
mega man x8,0.29,Platform,mega man x8,68.0
mega man x: command mission,0.3,Role-Playing,mega man x: command mission,68.0
mega man zero,0.55,Platform,mega man zero,82.0
mega man zero 2,0.43,Platform,mega man zero 2,81.0
mega man zero 3,0.22,Platform,mega man zero 3,77.0
mega man zero 4,0.11,Platform,mega man zero 4,77.0
mega man zero collection,0.31,Platform,mega man zero collection,78.0
mega man zx,0.28,Platform,mega man zx,76.0
mega man zx advent,0.33,Platform,mega man zx advent,78.0
megadimension neptunia vii,0.04,Role-Playing,megadimension neptunia vii,71.0
megadimension neptunia viir,0.04,Role-Playing,megadimension neptunia viir,71.0
megamind: ultimate showdown,0.27,Adventure,megamind: ultimate showdown,33.0
megatagmension blanc + neptune vs zombies,0.13,Action,megatagmension blanc + neptune vs zombies,61.0
men in black ii: alien escape,0.51,Shooter,men in black ii: alien escape,50.0
men of valor,0.25,Shooter,men of valor,72.0
men of war,0.03,Strategy,men of war,80.0
men of war: assault squad,0.06,Strategy,men of war: assault squad,77.0
men of war: red tide,0.0,Strategy,men of war: red tide,77.0
mercenaries 2: world in flames,2.31,Shooter,mercenaries 2: world in flames,65.75
mercenaries saga chronicles,0.01,Strategy,mercenaries saga chronicles,68.0
mercury meltdown,0.06,Action,mercury meltdown,78.0
mercury meltdown revolution,0.17,Action,mercury meltdown revolution,77.0
metal arms: glitch in the system,0.62,Shooter,metal arms: glitch in the system,82.0
metal dungeon,0.03,Role-Playing,metal dungeon,44.0
metal gear online,0.0,Action,metal gear online,81.0
metal gear rising: revengeance,2.0,Action,metal gear rising: revengeance,81.66666666666667
metal gear solid,0.07,Action,metal gear solid,88.5
metal gear solid 2: substance,1.1400000000000001,Action,metal gear solid 2: substance,83.66666666666667
metal gear solid 3: subsistence,0.55,Action,metal gear solid 3: subsistence,94.0
metal gear solid hd collection,3.22,Action,metal gear solid hd collection,86.66666666666667
metal gear solid v: ground zeroes,2.2,Action-Adventure,metal gear solid v: ground zeroes,77.0
metal gear solid v: the phantom pain,4.03,Action,metal gear solid v: the phantom pain,93.0
metal gear solid: digital graphic novel,0.04,Misc,metal gear solid: digital graphic novel,78.0
metal gear solid: peace walker,2.08,Action,metal gear solid: peace walker,89.0
metal gear solid: portable ops,1.19,Action,metal gear solid: portable ops,87.0
metal gear solid: portable ops plus,0.69,Action,metal gear solid: portable ops plus,65.0
metal gear solid: snake eater 3d,0.42000000000000004,Action-Adventure,metal gear solid: snake eater 3d,78.0
metal gear survive,0.31,Action,metal gear survive,58.666666666666664
metal max xeno,0.07,Role-Playing,metal max xeno,61.0
metal saga,0.03,Role-Playing,metal saga,62.0
metal slug 3,0.1,Shooter,metal slug 3,77.0
metal slug 4 & 5,0.15,Shooter,metal slug 4 & 5,70.0
metal slug 7,0.14,Shooter,metal slug 7,70.0
metal slug advance,0.08,Shooter,metal slug advance,79.0
metal slug anthology,0.2,Shooter,metal slug anthology,77.0
metal slug x,0.09,Shooter,metal slug x,85.0
metal slug xx,0.04,Shooter,metal slug xx,64.0
meteos,0.23,Puzzle,meteos,88.0
meteos: disney magic,0.04,Puzzle,meteos: disney magic,74.0
metro 2033,0.78,Shooter,metro 2033,79.0
metro redux,0.99,Shooter,metro redux,82.75
metro: last light,0.79,Shooter,metro: last light,80.66666666666667
metroid prime pinball,0.26,Misc,metroid prime pinball,79.0
metroid prime: federation force,0.15,Action,metroid prime: federation force,64.0
metroid: other m,1.36,Action,metroid: other m,79.0
metroid: samus returns,0.56,Action-Adventure,metroid: samus returns,85.0
metroid: zero mission,0.84,Adventure,metroid: zero mission,89.0
miami law,0.1,Adventure,miami law,56.0
miami vice: the game,0.06,Shooter,miami vice: the game,63.0
michael jackson the experience hd,0.1,Misc,michael jackson the experience hd,57.0
michael phelps: push the limit,0.11,Sports,michael phelps: push the limit,48.0
mickey's speedway usa,0.6,Racing,mickey's speedway usa,71.0
micro machines v4,0.04,Racing,micro machines v4,61.0
microsoft flight simulator,5.12,Simulation,microsoft flight simulator,90.5
microsoft flight simulator 2004: a century of flight,0.07,Simulation,microsoft flight simulator 2004: a century of flight,88.0
microsoft flight simulator x,0.47,Simulation,microsoft flight simulator x,80.0
middle-earth: shadow of mordor,2.86,Action,middle-earth: shadow of mordor,85.0
middle-earth: shadow of war,3.26,Action,middle-earth: shadow of war,78.66666666666667
midnight club 3: dub edition,4.4,Racing,midnight club 3: dub edition,80.66666666666667
midnight club 3: dub edition remix,1.3599999999999999,Racing,midnight club 3: dub edition remix,86.0
midnight club ii,2.2800000000000002,Racing,midnight club ii,84.0
midnight club: la remix,0.99,Racing,midnight club: la remix,79.0
midnight club: los angeles,4.9,Racing,midnight club: los angeles,81.5
midnight club: street racing,3.11,Racing,midnight club: street racing,78.0
midtown madness 2,0.0,Racing,midtown madness 2,78.0
midway arcade treasures,2.06,Misc,midway arcade treasures,74.0
midway arcade treasures 2,1.1500000000000001,Misc,midway arcade treasures 2,74.0
midway arcade treasures 3,0.31,Misc,midway arcade treasures 3,66.66666666666667
midway arcade treasures: extended play,0.24,Misc,midway arcade treasures: extended play,63.0
midway's greatest arcade hits,0.25,Misc,midway's greatest arcade hits,48.0
might & magic x: legacy,0.04,Role-Playing,might & magic x: legacy,71.0
might & magic: clash of heroes,0.18,Role-Playing,might & magic: clash of heroes,84.66666666666667
mighty no. 9,0.21000000000000002,Platform,mighty no. 9,51.75
mike tyson boxing,0.04,Sports,mike tyson boxing,44.0
mike tyson heavyweight boxing,0.05,Sports,mike tyson heavyweight boxing,35.0
mindjack,0.28,Shooter,mindjack,43.5
minecraft,24.009999999999998,Misc,minecraft,89.5
mini ninjas,1.36,Action,mini ninjas,72.0
minority report: everybody runs,0.65,Action,minority report: everybody runs,52.75
mirror's edge,2.34,Platform,mirror's edge,79.66666666666667
mirror's edge catalyst,0.69,Platform,mirror's edge catalyst,71.66666666666667
missile command,0.45,Shooter,missile command,63.0
mission: impossible,1.69,Action,mission: impossible,61.0
mister mosquito,0.28,Shooter,mister mosquito,65.0
mister slime,0.05,Action,mister slime,59.0
mlb,0.24,Sports,mlb,80.0
mlb 06: the show,1.29,Sports,mlb 06: the show,83.0
mlb 07: the show,1.53,Sports,mlb 07: the show,80.66666666666667
mlb 08: the show,1.45,Sports,mlb 08: the show,84.0
mlb 09: the show,1.32,Sports,mlb 09: the show,82.33333333333333
mlb 10: the show,1.3499999999999999,Sports,mlb 10: the show,85.0
mlb 11: the show,0.8999999999999999,Sports,mlb 11: the show,83.5
mlb 12: the show,1.1300000000000001,Sports,mlb 12: the show,81.5
mlb 13: the show,0.99,Sports,mlb 13: the show,81.0
mlb 15: the show,1.45,Sports,mlb 15: the show,80.0
mlb 2004,0.66,Sports,mlb 2004,61.0
mlb 2005,0.9,Sports,mlb 2005,78.0
mlb 2006,0.4,Sports,mlb 2006,81.0
mlb front office manager,0.15000000000000002,Sports,mlb front office manager,48.0
mlb power pros,0.39999999999999997,Sports,mlb power pros,81.5
mlb power pros 2008,0.35,Sports,mlb power pros 2008,72.0
mlb slugfest 20-03,1.18,Sports,mlb slugfest 20-03,78.66666666666667
mlb slugfest 20-04,0.66,Sports,mlb slugfest 20-04,68.25
mlb slugfest 2006,0.31,Sports,mlb slugfest 2006,57.5
mlb the show 17,1.16,Sports,mlb the show 17,85.0
mlb the show 18,1.06,Sports,mlb the show 18,82.0
mobile light force 2,0.11,Shooter,mobile light force 2,59.0
mobile suit gundam seed: never ending tomorrow,0.06,Shooter,mobile suit gundam seed: never ending tomorrow,45.0
mobile suit gundam: crossfire,0.2,Simulation,mobile suit gundam: crossfire,33.0
mobile suit gundam: encounters in space,0.72,Simulation,mobile suit gundam: encounters in space,66.0
mobile suit gundam: federation vs. zeon,1.14,Simulation,mobile suit gundam: federation vs. zeon,73.0
mobile suit gundam: gundam vs. zeta gundam,0.06,Shooter,mobile suit gundam: gundam vs. zeta gundam,57.0
mobile suit gundam: journey to jaburo,0.7,Simulation,mobile suit gundam: journey to jaburo,58.0
mobile suit gundam: zeonic front,0.43,Simulation,mobile suit gundam: zeonic front,71.0
modnation racers,1.67,Racing,modnation racers,77.5
modnation racers: road trip,0.31,Racing,modnation racers: road trip,62.0
mojo!,0.17,Puzzle,mojo!,63.0
monopoly,7.63,Misc,monopoly,70.0
monopoly for nintendo switch,0.3,Board Game,monopoly for nintendo switch,53.0
monopoly streets,1.4,Misc,monopoly streets,65.0
monopoly tycoon,0.01,Simulation,monopoly tycoon,85.0
monster 4x4: masters of metal,0.33,Racing,monster 4x4: masters of metal,48.5
monster 4x4: world circuit,0.88,Racing,monster 4x4: world circuit,49.0
monster boy and the cursed kingdom,0.07,Action-Adventure,monster boy and the cursed kingdom,86.0
monster energy supercross - the official videogame,0.22,Racing,monster energy supercross - the official videogame,68.0
monster force,0.04,Shooter,monster force,65.0
monster house,0.53,Adventure,monster house,62.5
monster hunter,0.5,Role-Playing,monster hunter,68.0
monster hunter 3 ultimate,0.71,Role-Playing,monster hunter 3 ultimate,80.5
monster hunter generations ultimate,0.72,Action,monster hunter generations ultimate,80.0
monster hunter stories,0.7,Role-Playing,monster hunter stories,79.0
monster hunter: world,0.93,Action,monster hunter: world,89.33333333333333
monster jam,0.74,Racing,monster jam,43.0
monster jam: maximum destruction,0.8,Racing,monster jam: maximum destruction,47.0
monster kingdom: jewel summoner,0.04,Role-Playing,monster kingdom: jewel summoner,66.0
monster lab,0.56,Role-Playing,monster lab,74.0
monster madness: battle for suburbia,0.11,Shooter,monster madness: battle for suburbia,57.0
monster madness: grave danger,0.06,Shooter,monster madness: grave danger,55.0
monster rancher 3,0.36,Simulation,monster rancher 3,77.0
monster rancher 4,0.34,Simulation,monster rancher 4,77.0
monster rancher advance,0.0,Simulation,monster rancher advance,76.0
monster rancher evo,0.1,Role-Playing,monster rancher evo,58.0
monster tale,0.06,Platform,monster tale,79.0
monster truck madness,0.12,Racing,monster truck madness,75.0
monsters vs. aliens,1.47,Platform,monsters vs. aliens,61.6
"monsters, inc.",1.99,Adventure,"monsters, inc.",52.0
"monsters, inc. scream arena",0.37,Platform,"monsters, inc. scream arena",39.0
"monsters, inc. scream team",0.56,Platform,"monsters, inc. scream team",65.0
moon,0.22999999999999998,Role-Playing,moon,74.0
moonlighter,0.01,Role-Playing,moonlighter,80.5
mortal kombat,5.3999999999999995,Fighting,mortal kombat,85.0
mortal kombat advance,0.0,Fighting,mortal kombat advance,33.0
mortal kombat x,5.28,Fighting,mortal kombat x,81.66666666666667
mortal kombat: armageddon,1.29,Fighting,mortal kombat: armageddon,74.33333333333333
mortal kombat: deadly alliance,3.87,Fighting,mortal kombat: deadly alliance,80.5
mortal kombat: deception,2.75,Fighting,mortal kombat: deception,79.66666666666667
mortal kombat: shaolin monks,1.0,Action,mortal kombat: shaolin monks,77.5
mortal kombat: special forces,0.21,Fighting,mortal kombat: special forces,28.0
mortal kombat: tournament edition,0.01,Fighting,mortal kombat: tournament edition,75.0
mortal kombat: unchained,0.74,Fighting,mortal kombat: unchained,70.0
mothergunship,0.02,Shooter,mothergunship,75.66666666666667
motionsports,0.69,Sports,motionsports,40.0
moto racer 4,0.04,Racing,moto racer 4,49.0
moto racer advance,0.01,Racing,moto racer advance,86.0
motocross mania,0.79,Racing,motocross mania,73.0
motocross mania 3,0.12000000000000001,Racing,motocross mania 3,38.0
motocross maniacs advance,0.27,Racing,motocross maniacs advance,69.0
motogp,0.63,Racing,motogp,74.25
motogp '06,0.14,Racing,motogp '06,80.0
motogp '07,0.25,Racing,motogp '07,78.0
motogp 07,0.1,Racing,motogp 07,62.0
motogp 08,0.97,Racing,motogp 08,60.5
motogp 09/10,0.39,Racing,motogp 09/10,69.5
motogp 10/11,0.23,Racing,motogp 10/11,68.0
motogp 14,0.42,Racing,motogp 14,73.0
motogp 17,0.2,Racing,motogp 17,68.0
motogp 18,0.0,Racing,motogp 18,66.0
motogp 2,0.1,Racing,motogp 2,82.5
motogp 3: ultimate racing technology,0.01,Racing,motogp 3: ultimate racing technology,81.0
motor trend presents lotus challenge,0.03,Racing,motor trend presents lotus challenge,61.0
motorstorm rc,0.07,Racing,motorstorm rc,78.0
motorstorm: apocalypse,0.49,Racing,motorstorm: apocalypse,77.0
mount & blade,0.02,Role-Playing,mount & blade,72.0
mount & blade: warband,0.02,Role-Playing,mount & blade: warband,68.0
mount & blade: with fire & sword,0.0,Role-Playing,mount & blade: with fire & sword,68.0
mr. driller 2,0.16,Puzzle,mr. driller 2,62.0
mr. driller: drill spirits,0.14,Puzzle,mr. driller: drill spirits,70.0
ms saga: a new dawn,0.05,Role-Playing,ms saga: a new dawn,65.0
ms. pac-man,1.65,Puzzle,ms. pac-man,65.0
ms. pac-man maze madness,1.0,Puzzle,ms. pac-man maze madness,73.0
mtv music generator 2,0.15,Misc,mtv music generator 2,77.0
mtv music generator 3: this is the remix,0.22000000000000003,Misc,mtv music generator 3: this is the remix,79.0
mtv sports: pure ride,0.12,Sports,mtv sports: pure ride,70.0
mtx mototrax,0.41000000000000003,Racing,mtx mototrax,74.5
mucha lucha! mascaritas of the lost code,0.07,Fighting,mucha lucha! mascaritas of the lost code,26.0
mugen souls,0.16,Role-Playing,mugen souls,55.0
muppets party cruise,0.08,Misc,muppets party cruise,61.0
murakumo: renegade mech pursuit,0.11,Shooter,murakumo: renegade mech pursuit,48.0
murdered: soul suspect,0.74,Action-Adventure,murdered: soul suspect,56.333333333333336
mushihimesama,0.02,Shooter,mushihimesama,84.0
mushroom men: rise of the fungi,0.11,Action,mushroom men: rise of the fungi,45.0
mushroom men: the spore wars,0.18,Action,mushroom men: the spore wars,72.0
musynx,0.01,Music,musynx,78.0
mutant football league: dynasty edition,0.2,Sports,mutant football league: dynasty edition,66.0
mvp 06 ncaa baseball,1.09,Sports,mvp 06 ncaa baseball,75.5
mvp baseball,0.21,Sports,mvp baseball,67.0
mvp baseball 2003,1.24,Sports,mvp baseball 2003,80.33333333333333
mvp baseball 2004,2.19,Sports,mvp baseball 2004,87.75
mvp baseball 2005,2.81,Sports,mvp baseball 2005,86.66666666666667
mx 2002 featuring ricky carmichael,0.8500000000000001,Racing,mx 2002 featuring ricky carmichael,75.0
mx unleashed,2.36,Racing,mx unleashed,80.5
mx vs. atv reflex,2.01,Racing,mx vs. atv reflex,74.5
mx vs. atv supercross encore,0.13,Sports,mx vs. atv supercross encore,42.0
mx vs. atv unleashed,1.4300000000000002,Racing,mx vs. atv unleashed,76.66666666666667
mx vs. atv unleashed: on the edge,0.69,Racing,mx vs. atv unleashed: on the edge,68.0
mx vs. atv untamed,2.62,Racing,mx vs. atv untamed,63.333333333333336
mxgp pro,0.08,Racing,mxgp pro,68.0
mxrider,0.34,Racing,mxrider,69.0
my frogger: toy trials,0.03,Action,my frogger: toy trials,66.0
my hero one's justice,0.7,Fighting,my hero one's justice,69.0
my horse & me,0.6699999999999999,Sports,my horse & me,49.0
my pet shop,0.06,Simulation,my pet shop,60.0
my spanish coach,0.56,Misc,my spanish coach,73.0
my street,0.24,Misc,my street,46.0
my word coach,1.95,Misc,my word coach,69.5
"my world, my way",0.01,Role-Playing,"my world, my way",67.0
mysims,5.34,Simulation,mysims,68.33333333333333
mysims agents,2.12,Adventure,mysims agents,78.0
mysims kingdom,3.08,Simulation,mysims kingdom,67.0
mysims party,0.52,Simulation,mysims party,60.0
mysims racing,1.08,Racing,mysims racing,67.5
mysims skyheroes,0.83,Action,mysims skyheroes,64.5
myst,0.24000000000000002,Adventure,myst,43.0
myst iii: exile,0.34,Adventure,myst iii: exile,65.0
myst iv: revelation,0.060000000000000005,Adventure,myst iv: revelation,75.0
myst v: end of ages,0.0,Adventure,myst v: end of ages,80.0
mystery case files: the malgrave incident,0.33,Adventure,mystery case files: the malgrave incident,65.0
mystery dungeon: shiren the wanderer,0.52,Role-Playing,mystery dungeon: shiren the wanderer,69.0
mystic heroes,0.15,Action,mystic heroes,67.0
mystical ninja starring goemon,0.36,Action,mystical ninja starring goemon,67.0
mytran wars,0.14,Strategy,mytran wars,68.0
n+,0.1,Platform,n+,81.33333333333333
nail'd,0.23,Racing,nail'd,66.33333333333333
namco museum,7.6000000000000005,Misc,namco museum,68.8
namco museum battle collection,1.09,Misc,namco museum battle collection,73.0
namco museum megamix,0.19,Misc,namco museum megamix,53.0
namco museum remix,0.74,Misc,namco museum remix,49.0
namco museum: virtual arcade,0.31,Misc,namco museum: virtual arcade,63.0
nancy drew: danger by design,0.0,Adventure,nancy drew: danger by design,70.0
nancy drew: the deadly secret of olde world park,0.01,Adventure,nancy drew: the deadly secret of olde world park,64.0
nancy drew: the phantom of venice,0.01,Adventure,nancy drew: the phantom of venice,69.0
nancy drew: the white wolf of icicle creek,0.15,Adventure,nancy drew: the white wolf of icicle creek,70.0
nano assault,0.08,Shooter,nano assault,75.0
nanobreaker,0.06,Action,nanobreaker,51.0
nanostray,0.06,Shooter,nanostray,71.0
nanostray 2,0.05,Shooter,nanostray 2,75.0
napoleon dynamite: the game,0.07,Puzzle,napoleon dynamite: the game,41.0
napoleon: total war,0.67,Strategy,napoleon: total war,81.0
narc,0.54,Shooter,narc,50.5
naruto powerful shippuden,0.16,Action-Adventure,naruto powerful shippuden,71.0
naruto shippuden: clash of ninja revolution iii,0.51,Fighting,naruto shippuden: clash of ninja revolution iii,74.0
naruto shippuden: dragon blade chronicles,0.18,Action,naruto shippuden: dragon blade chronicles,38.0
naruto shippuden: kizuna drive,0.14,Action,naruto shippuden: kizuna drive,57.0
naruto shippuden: legends: akatsuki rising,0.15,Fighting,naruto shippuden: legends: akatsuki rising,60.0
naruto shippuden: naruto vs. sasuke,0.11,Action,naruto shippuden: naruto vs. sasuke,64.0
naruto shippuden: ninja destiny 2,0.37,Fighting,naruto shippuden: ninja destiny 2,55.0
naruto shippuden: ultimate ninja heroes 3,0.38,Fighting,naruto shippuden: ultimate ninja heroes 3,61.0
naruto shippuden: ultimate ninja impact,0.35,Fighting,naruto shippuden: ultimate ninja impact,59.0
naruto shippuden: ultimate ninja storm 2,0.78,Fighting,naruto shippuden: ultimate ninja storm 2,75.0
naruto shippuden: ultimate ninja storm 3,0.52,Fighting,naruto shippuden: ultimate ninja storm 3,73.5
naruto shippuden: ultimate ninja storm 4,0.0,Fighting,naruto shippuden: ultimate ninja storm 4,79.5
naruto shippuden: ultimate ninja storm generations,1.19,Fighting,naruto shippuden: ultimate ninja storm generations,74.0
naruto shippuden: ultimate ninja storm revolution,0.68,Fighting,naruto shippuden: ultimate ninja storm revolution,67.5
naruto: clash of ninja,0.68,Fighting,naruto: clash of ninja,72.0
naruto: clash of ninja 2,1.04,Fighting,naruto: clash of ninja 2,74.0
naruto: clash of ninja revolution,1.02,Fighting,naruto: clash of ninja revolution,74.0
naruto: clash of ninja revolution 2,0.38,Fighting,naruto: clash of ninja revolution 2,72.0
naruto: ninja council,0.22,Platform,naruto: ninja council,60.0
naruto: ninja destiny,0.19,Fighting,naruto: ninja destiny,61.0
naruto: path of the ninja,0.4,Role-Playing,naruto: path of the ninja,57.0
naruto: path of the ninja 2,0.23,Role-Playing,naruto: path of the ninja 2,62.0
naruto: rise of a ninja,0.33,Action,naruto: rise of a ninja,78.0
naruto: the broken bond,0.59,Action,naruto: the broken bond,80.0
naruto: ultimate ninja storm,1.07,Fighting,naruto: ultimate ninja storm,75.0
nascar,0.1,Racing,nascar,66.0
nascar '14,0.28,Racing,nascar '14,67.0
nascar 06: total team control,0.9,Racing,nascar 06: total team control,78.5
nascar 07,0.15,Racing,nascar 07,70.0
nascar 08,0.76,Racing,nascar 08,57.333333333333336
nascar 09,1.03,Racing,nascar 09,67.0
nascar 2001,1.51,Racing,nascar 2001,69.5
nascar 2005: chase for the cup,1.98,Racing,nascar 2005: chase for the cup,86.5
nascar 2011: the game,0.8,Racing,nascar 2011: the game,62.0
nascar heat,0.39,Racing,nascar heat,81.0
nascar heat 2,0.25,Racing,nascar heat 2,66.0
nascar heat 2002,0.96,Racing,nascar heat 2002,79.5
nascar heat 3,0.23,Racing,nascar heat 3,66.0
nascar heat evolution,0.25,Racing,nascar heat evolution,66.0
nascar kart racing,0.42,Racing,nascar kart racing,70.0
nascar the game: inside line,0.2,Racing,nascar the game: inside line,72.0
nascar thunder 2002,1.91,Racing,nascar thunder 2002,78.66666666666667
nascar thunder 2003,1.8,Racing,nascar thunder 2003,80.25
nascar thunder 2004,1.31,Racing,nascar thunder 2004,83.66666666666667
nascar: dirt to daytona,0.6699999999999999,Racing,nascar: dirt to daytona,84.5
natural doctrine,0.22000000000000003,Role-Playing,natural doctrine,56.5
naughty bear,0.85,Action,naughty bear,43.0
naval assault: the killing tide,0.17,Simulation,naval assault: the killing tide,40.0
naval ops: commander,0.05,Simulation,naval ops: commander,65.0
naval ops: warship gunner,0.11,Simulation,naval ops: warship gunner,67.0
naval war: arctic circle,0.0,Strategy,naval war: arctic circle,64.0
nba,0.21,Sports,nba,57.0
nba 06,0.75,Sports,nba 06,67.5
nba 07,0.49000000000000005,Sports,nba 07,64.66666666666667
nba 08,0.16,Sports,nba 08,65.66666666666667
nba 10 the inside,0.08,Sports,nba 10 the inside,69.0
nba 2k playgrounds 2,0.28,Sports,nba 2k playgrounds 2,67.5
nba 2k10,2.96,Sports,nba 2k10,82.5
nba 2k11,5.45,Sports,nba 2k11,89.0
nba 2k12,5.55,Sports,nba 2k12,90.0
nba 2k13,6.35,Sports,nba 2k13,87.66666666666667
nba 2k14,7.27,Sports,nba 2k14,85.5
nba 2k15,7.26,Sports,nba 2k15,82.5
nba 2k16,8.31,Sports,nba 2k16,86.5
nba 2k17,6.28,Sports,nba 2k17,89.0
nba 2k18,5.99,Sports,nba 2k18,79.66666666666667
nba 2k19,4.67,Sports,nba 2k19,80.33333333333333
nba 2k2,1.54,Sports,nba 2k2,90.5
nba 2k3,1.53,Sports,nba 2k3,86.66666666666667
nba 2k6,1.47,Action,nba 2k6,83.0
nba 2k7,1.79,Sports,nba 2k7,82.0
nba 2k8,2.0,Sports,nba 2k8,78.0
nba 2k9,2.3,Sports,nba 2k9,83.0
nba ballers,2.17,Sports,nba ballers,82.5
nba ballers: chosen one,0.33999999999999997,Sports,nba ballers: chosen one,54.5
nba ballers: phenom,0.6,Sports,nba ballers: phenom,69.5
nba ballers: rebound,0.1,Sports,nba ballers: rebound,69.0
nba courtside 2002,0.25,Sports,nba courtside 2002,71.0
nba hoopz,0.31,Sports,nba hoopz,64.0
nba inside drive 2002,0.37,Sports,nba inside drive 2002,76.0
nba inside drive 2003,0.31,Sports,nba inside drive 2003,72.0
nba inside drive 2004,0.17,Sports,nba inside drive 2004,71.0
nba jam,5.1899999999999995,Sports,nba jam,73.25
nba jam 2002,0.11,Sports,nba jam 2002,49.0
nba live 06,1.68,Sports,nba live 06,74.5
nba live 07,2.34,Sports,nba live 07,63.2
nba live 08,2.34,Sports,nba live 08,67.8
nba live 09,2.02,Sports,nba live 09,76.0
nba live 09 all-play,0.22,Sports,nba live 09 all-play,51.0
nba live 10,1.23,Sports,nba live 10,80.5
nba live 14,0.51,Sports,nba live 14,39.5
nba live 15,0.47,Sports,nba live 15,56.0
nba live 16,0.33999999999999997,Sports,nba live 16,59.5
nba live 18,0.44999999999999996,Sports,nba live 18,72.0
nba live 19,0.33999999999999997,Sports,nba live 19,74.0
nba live 2001,2.35,Sports,nba live 2001,79.33333333333333
nba live 2002,2.7800000000000002,Sports,nba live 2002,73.0
nba live 2003,2.32,Sports,nba live 2003,81.75
nba live 2004,2.8099999999999996,Sports,nba live 2004,83.75
nba live 2005,3.94,Sports,nba live 2005,82.75
nba shootout 2001,0.42000000000000004,Sports,nba shootout 2001,62.5
nba shootout 2002,0.14,Sports,nba shootout 2002,53.0
nba shootout 2003,0.23,Sports,nba shootout 2003,62.0
nba shootout 2004,0.26,Sports,nba shootout 2004,58.0
nba starting five,0.19999999999999998,Sports,nba starting five,53.0
nba street,3.21,Sports,nba street,88.5
nba street homecourt,0.67,Sports,nba street homecourt,80.5
nba street v3,1.67,Sports,nba street v3,88.66666666666667
nba street vol. 2,3.17,Sports,nba street vol. 2,89.0
ncaa basketball 09,0.67,Sports,ncaa basketball 09,69.0
ncaa basketball 10,0.65,Sports,ncaa basketball 10,75.0
ncaa college basketball 2k3,0.39,Sports,ncaa college basketball 2k3,83.0
ncaa college football 2k3,0.07,Sports,ncaa college football 2k3,70.33333333333333
ncaa final four 2001,0.35,Sports,ncaa final four 2001,52.0
ncaa final four 2002,0.31,Sports,ncaa final four 2002,52.0
ncaa final four 2004,0.2,Sports,ncaa final four 2004,45.0
ncaa football 06,2.81,Sports,ncaa football 06,87.0
ncaa football 07,3.36,Sports,ncaa football 07,82.25
ncaa football 08,1.95,Sports,ncaa football 08,79.0
ncaa football 09,2.0,Sports,ncaa football 09,82.0
ncaa football 10,2.54,Sports,ncaa football 10,81.5
ncaa football 11,2.16,Sports,ncaa football 11,85.5
ncaa football 12,1.83,Sports,ncaa football 12,82.0
ncaa football 13,2.04,Sports,ncaa football 13,77.5
ncaa football 14,2.05,Sports,ncaa football 14,77.0
ncaa football 2002,1.57,Sports,ncaa football 2002,90.0
ncaa football 2003,2.17,Sports,ncaa football 2003,90.66666666666667
ncaa football 2004,2.25,Sports,ncaa football 2004,90.33333333333333
ncaa football 2005,2.52,Sports,ncaa football 2005,88.33333333333333
ncaa gamebreaker 2001,0.48,Sports,ncaa gamebreaker 2001,69.0
ncaa gamebreaker 2003,0.23,Sports,ncaa gamebreaker 2003,53.0
ncaa gamebreaker 2004,0.23,Sports,ncaa gamebreaker 2004,61.0
ncaa march madness 06,0.73,Sports,ncaa march madness 06,77.0
ncaa march madness 07,0.77,Sports,ncaa march madness 07,65.0
ncaa march madness 08,0.56,Sports,ncaa march madness 08,68.0
ncaa march madness 2003,0.66,Sports,ncaa march madness 2003,74.0
ncaa march madness 2004,1.27,Sports,ncaa march madness 2004,81.5
ncaa march madness 2005,0.81,Sports,ncaa march madness 2005,79.0
ncis,0.43,Adventure,ncis,35.0
necrovision,0.01,Shooter,necrovision,63.0
need for speed carbon,6.38,Racing,need for speed carbon,73.66666666666667
need for speed carbon: own the city,2.62,Racing,need for speed carbon: own the city,73.0
need for speed underground,10.46,Racing,need for speed underground,82.0
need for speed underground 2,10.95,Racing,need for speed underground 2,74.0
need for speed underground rivals,1.32,Racing,need for speed underground rivals,74.0
need for speed: high stakes,2.31,Racing,need for speed: high stakes,86.0
need for speed: hot pursuit,5.84,Racing,need for speed: hot pursuit,78.25
need for speed: hot pursuit 2,3.73,Racing,need for speed: hot pursuit 2,76.25
need for speed: most wanted,8.030000000000001,Racing,need for speed: most wanted,82.5
need for speed: most wanted 5-1-0,2.09,Racing,need for speed: most wanted 5-1-0,72.0
need for speed: nitro,1.21,Racing,need for speed: nitro,69.5
need for speed: porsche unleashed,1.25,Racing,need for speed: porsche unleashed,78.0
need for speed: prostreet,8.55,Racing,need for speed: prostreet,70.0
need for speed: shift,5.37,Racing,need for speed: shift,79.75
need for speed: the run,4.21,Racing,need for speed: the run,66.5
need for speed: undercover,6.87,Racing,need for speed: undercover,65.0
neo contra,0.21,Shooter,neo contra,65.0
neogeo battle coliseum,0.33,Fighting,neogeo battle coliseum,66.0
neopets petpet adventures: the wand of wishing,0.12,Adventure,neopets petpet adventures: the wand of wishing,66.0
neopets puzzle adventure,0.53,Puzzle,neopets puzzle adventure,61.0
neopets: the darkest faerie,0.3,Adventure,neopets: the darkest faerie,61.0
nerf n-strike,1.09,Shooter,nerf n-strike,66.0
nerf n-strike elite,1.0,Shooter,nerf n-strike elite,67.0
nervous brickdown,0.02,Puzzle,nervous brickdown,70.0
nes remix,0.29,Misc,nes remix,71.0
neverdead,0.23,Shooter,neverdead,51.0
neverland card battles,0.07,Role-Playing,neverland card battles,57.0
neverwinter nights 2,0.02,Role-Playing,neverwinter nights 2,82.0
neverwinter nights 2: mask of the betrayer,0.01,Role-Playing,neverwinter nights 2: mask of the betrayer,82.0
neverwinter nights 2: storm of zehir,0.01,Role-Playing,neverwinter nights 2: storm of zehir,73.0
neves,0.02,Puzzle,neves,70.0
new gundam breaker,0.13,Action,new gundam breaker,43.0
new international track & field,0.08,Sports,new international track & field,73.0
new little king's story,0.04,Strategy,new little king's story,70.0
new play control! donkey kong jungle beat,0.6,Platform,new play control! donkey kong jungle beat,78.0
new play control! pikmin,0.64,Strategy,new play control! pikmin,77.0
new zealand story revolution,0.0,Platform,new zealand story revolution,62.0
nexus: the jupiter incident,0.0,Strategy,nexus: the jupiter incident,77.0
nfl 2k1,1.09,Sports,nfl 2k1,97.0
nfl 2k2,1.07,Sports,nfl 2k2,87.33333333333333
nfl 2k3,2.06,Sports,nfl 2k3,92.5
nfl blitz,2.56,Sports,nfl blitz,79.0
nfl blitz 20-02,0.46,Sports,nfl blitz 20-02,66.75
nfl blitz 20-03,0.72,Sports,nfl blitz 20-03,72.33333333333333
nfl blitz 2000,1.67,Sports,nfl blitz 2000,85.0
nfl blitz 2001,1.01,Sports,nfl blitz 2001,78.0
nfl blitz pro,0.3,Sports,nfl blitz pro,71.66666666666667
nfl fever 2002,0.99,Sports,nfl fever 2002,79.0
nfl fever 2003,0.61,Sports,nfl fever 2003,72.0
nfl fever 2004,0.32,Sports,nfl fever 2004,74.0
nfl gameday 2001,1.3599999999999999,Sports,nfl gameday 2001,62.0
nfl gameday 2002,0.78,Sports,nfl gameday 2002,56.5
nfl gameday 2003,0.4,Sports,nfl gameday 2003,60.0
nfl gameday 2004,0.41,Sports,nfl gameday 2004,65.0
nfl head coach,0.5700000000000001,Sports,nfl head coach,66.33333333333333
nfl head coach 09,0.25,Sports,nfl head coach 09,65.5
nfl qb club 2001,0.12,Sports,nfl qb club 2001,50.5
nfl quarterback club 2002,0.27,Sports,nfl quarterback club 2002,60.0
nfl street,2.4299999999999997,Sports,nfl street,80.66666666666667
nfl street 2,2.29,Sports,nfl street 2,77.33333333333333
nfl street 2 unleashed,0.37,Sports,nfl street 2 unleashed,73.0
nfl street 3,0.27,Sports,nfl street 3,69.0
nfl tour,0.22,Sports,nfl tour,47.0
nhl 06,0.9099999999999999,Sports,nhl 06,78.0
nhl 07,0.98,Sports,nhl 07,75.6
nhl 08,0.51,Sports,nhl 08,78.66666666666667
nhl 09,1.01,Sports,nhl 09,88.0
nhl 10,1.23,Sports,nhl 10,88.0
nhl 11,1.3199999999999998,Sports,nhl 11,88.0
nhl 12,1.2799999999999998,Sports,nhl 12,86.0
nhl 13,1.34,Sports,nhl 13,83.5
nhl 14,1.1099999999999999,Sports,nhl 14,80.5
nhl 15,1.8599999999999999,Sports,nhl 15,59.5
nhl 16,1.19,Sports,nhl 16,79.0
nhl 17,1.12,Sports,nhl 17,77.5
nhl 18,0.96,Sports,nhl 18,76.0
nhl 19,0.72,Sports,nhl 19,81.0
nhl 2001,1.5899999999999999,Sports,nhl 2001,87.66666666666667
nhl 2002,1.5899999999999999,Sports,nhl 2002,89.33333333333333
nhl 2003,1.27,Sports,nhl 2003,78.25
nhl 2004,1.25,Sports,nhl 2004,85.5
nhl 2005,0.68,Sports,nhl 2005,73.25
nhl 2k10,1.01,Sports,nhl 2k10,71.33333333333333
nhl 2k11,0.27,Sports,nhl 2k11,62.0
nhl 2k3,0.35,Sports,nhl 2k3,89.0
nhl 2k6,0.73,Sports,nhl 2k6,79.66666666666667
nhl 2k7,0.22,Sports,nhl 2k7,77.0
nhl 2k8,0.22,Sports,nhl 2k8,72.5
nhl 2k9,0.49,Sports,nhl 2k9,68.0
nhl faceoff 2001,0.43000000000000005,Sports,nhl faceoff 2001,78.0
nhl faceoff 2003,0.23,Sports,nhl faceoff 2003,55.0
nhl hitz 20-02,1.04,Sports,nhl hitz 20-02,78.66666666666667
nhl hitz 20-03,0.47000000000000003,Sports,nhl hitz 20-03,81.66666666666667
nhl hitz pro,0.3,Sports,nhl hitz pro,80.33333333333333
nhl rivals 2004,0.11,Sports,nhl rivals 2004,65.0
nhl slapshot,0.42,Sports,nhl slapshot,76.0
ni no kuni ii: revenant kingdom,0.89,Role-Playing,ni no kuni ii: revenant kingdom,82.5
nickelodeon kart racers,0.31,Racing,nickelodeon kart racers,44.0
nicktoons unite!,0.43,Action,nicktoons unite!,53.0
nicktoons: battle for volcano island,0.58,Action,nicktoons: battle for volcano island,59.0
nier,0.9199999999999999,Role-Playing,nier,67.5
night at the museum: battle of the smithsonian,0.77,Action,night at the museum: battle of the smithsonian,52.0
nightcaster,0.13,Action,nightcaster,61.0
nightcaster ii: equinox,0.05,Action,nightcaster ii: equinox,46.0
nights into dreams...,0.44,Platform,nights into dreams...,73.5
nights of azure,0.31,Action,nights of azure,67.0
nights of azure 2: bride of the new moon,0.06,Action,nights of azure 2: bride of the new moon,66.0
nights: journey of dreams,0.41,Platform,nights: journey of dreams,69.0
nightshade,0.12,Action,nightshade,68.0
nike+ kinect training,0.04,Sports,nike+ kinect training,71.0
nikoli's pencil puzzle,0.09,Puzzle,nikoli's pencil puzzle,61.0
ninja assault,0.11,Shooter,ninja assault,60.0
ninja blade,0.33,Action,ninja blade,64.5
ninja gaiden 3,0.69,Action,ninja gaiden 3,58.0
ninja gaiden 3: razor's edge,0.19,Action,ninja gaiden 3: razor's edge,68.66666666666667
ninja gaiden black,0.09,Action,ninja gaiden black,94.0
ninja gaiden sigma 2,0.86,Action,ninja gaiden sigma 2,83.0
ninja gaiden sigma plus,0.26,Action,ninja gaiden sigma plus,72.0
ninja reflex,0.22,Action,ninja reflex,51.5
ninjatown,0.13,Strategy,ninjatown,80.0
nintendo pocket football club,0.12,Sports,nintendo pocket football club,65.0
nitrobike,0.13,Racing,nitrobike,49.0
nitroplus blasterz: heroines infinite duel,0.07,Fighting,nitroplus blasterz: heroines infinite duel,70.0
no man's sky,2.4899999999999998,Action-Adventure,no man's sky,69.66666666666667
no more heroes,0.56,Action,no more heroes,82.5
no more heroes 2: desperate struggle,0.4,Action,no more heroes 2: desperate struggle,83.0
nobunaga's ambition: iron triangle,0.09,Strategy,nobunaga's ambition: iron triangle,76.0
nobunaga's ambition: rise to power,0.08,Strategy,nobunaga's ambition: rise to power,70.0
nobunaga's ambition: sphere of influence,0.11,Strategy,nobunaga's ambition: sphere of influence,80.0
nobunaga's ambition: sphere of influence - ascension,0.09,Strategy,nobunaga's ambition: sphere of influence - ascension,74.0
nobunaga's ambition: taishi,0.06999999999999999,Strategy,nobunaga's ambition: taishi,70.0
nostalgia,0.19,Role-Playing,nostalgia,72.0
nostradamus: the last prophecy,0.0,Adventure,nostradamus: the last prophecy,70.0
nppl championship paintball 2009,0.66,Shooter,nppl championship paintball 2009,44.5
nuclear dawn,0.0,Misc,nuclear dawn,71.0
obscure,0.11000000000000001,Adventure,obscure,64.66666666666667
obscure: the aftermath,0.21,Adventure,obscure: the aftermath,59.5
octomania,0.06,Puzzle,octomania,66.0
odama,0.11,Misc,odama,62.0
oddworld: abe's exoddus,0.99,Platform,oddworld: abe's exoddus,88.0
oddworld: abe's oddysee,1.24,Platform,oddworld: abe's oddysee,85.0
oddworld: munch's oddysee,0.79,Platform,oddworld: munch's oddysee,62.0
odin sphere,0.56,Role-Playing,odin sphere,83.0
of orcs and men,0.0,Action,of orcs and men,63.333333333333336
off-road drive,0.04,Racing,off-road drive,60.0
oil rush,0.02,Strategy,oil rush,67.0
okage: shadow king,0.36,Role-Playing,okage: shadow king,70.0
okami hd,0.6,Action,okami hd,89.0
okamiden,0.43,Adventure,okamiden,82.0
omega quintet,0.03,Role-Playing,omega quintet,58.0
omen of sorrow,0.04,Fighting,omen of sorrow,64.0
one piece mansion,0.02,Action,one piece mansion,62.0
one piece: burning blood,0.96,Fighting,one piece: burning blood,63.0
one piece: pirate warriors 2,0.78,Action,one piece: pirate warriors 2,71.0
one piece: pirate warriors 3,0.45,Action,one piece: pirate warriors 3,74.0
one piece: pirate warriors 3 - deluxe edition,0.06,Action,one piece: pirate warriors 3 - deluxe edition,76.0
one piece: romance dawn,0.4,Role-Playing,one piece: romance dawn,42.0
onechanbara z2: chaos,0.28,Action,onechanbara z2: chaos,57.0
onechanbara: bikini samurai squad,0.13,Action,onechanbara: bikini samurai squad,39.0
onechanbara: bikini zombie slayers,0.12,Action,onechanbara: bikini zombie slayers,55.0
oni,0.53,Action,oni,71.0
onimusha tactics,0.08,Strategy,onimusha tactics,64.0
onimusha: dawn of dreams,0.64,Action,onimusha: dawn of dreams,81.0
onimusha: warlords,0.04,Action-Adventure,onimusha: warlords,74.2
online chess kingdoms,0.02,Misc,online chess kingdoms,60.0
onrush,0.08,Racing,onrush,76.0
ontamarama,0.05,Action,ontamarama,71.0
open season,0.5900000000000001,Platform,open season,59.0
operation darkness,0.07,Role-Playing,operation darkness,46.0
operation flashpoint: dragon rising,1.9100000000000001,Shooter,operation flashpoint: dragon rising,76.33333333333333
operation flashpoint: elite,0.04,Shooter,operation flashpoint: elite,64.0
operation flashpoint: red river,0.67,Shooter,operation flashpoint: red river,67.66666666666667
operation flashpoint: resistance,0.0,Shooter,operation flashpoint: resistance,77.0
operation: vietnam,0.07,Shooter,operation: vietnam,65.0
opoona,0.1,Role-Playing,opoona,65.0
orcs & elves,0.05,Role-Playing,orcs & elves,68.0
order of war,0.02,Strategy,order of war,69.0
order up!,0.21,Misc,order up!,76.0
order up!!,0.09,Action,order up!!,63.5
oreshika: tainted bloodlines,0.15,Role-Playing,oreshika: tainted bloodlines,78.0
orphen: scion of sorcery,0.31,Role-Playing,orphen: scion of sorcery,54.0
otogi 2: immortal warriors,0.05,Action,otogi 2: immortal warriors,79.0
otogi: myth of demons,0.13,Action,otogi: myth of demons,80.0
otomedius excellent,0.18,Shooter,otomedius excellent,48.0
outcast: second contact,0.06,Adventure,outcast: second contact,65.33333333333333
outlaw golf,0.37,Sports,outlaw golf,70.5
outlaw golf 2,0.5599999999999999,Sports,outlaw golf 2,68.5
outlaw tennis,0.12,Sports,outlaw tennis,66.5
outlaw volleyball,0.26,Sports,outlaw volleyball,77.0
outlaw volleyball remixed,0.04,Sports,outlaw volleyball remixed,57.0
outrun 2006: coast 2 coast,0.09,Racing,outrun 2006: coast 2 coast,80.25
over g fighters,0.22,Simulation,over g fighters,49.0
over the hedge,1.54,Platform,over the hedge,60.833333333333336
over the hedge: hammy goes nuts!,0.18,Platform,over the hedge: hammy goes nuts!,52.0
overclocked: a history of violence,0.0,Adventure,overclocked: a history of violence,70.0
overcooked! 2,0.53,Simulation,overcooked! 2,81.5
overlord,0.42000000000000004,Adventure,overlord,78.5
overlord ii,0.67,Action,overlord ii,75.33333333333333
overlord: dark legend,0.37,Adventure,overlord: dark legend,68.0
overlord: raising hell,0.12,Adventure,overlord: raising hell,72.0
override: mech city brawl,0.05,Action-Adventure,override: mech city brawl,61.666666666666664
overwatch,8.18,Shooter,overwatch,86.25
owlboy,0.1,Platform,owlboy,86.5
p.t.o. iv: pacific theater of operations,0.08,Strategy,p.t.o. iv: pacific theater of operations,71.0
pac 'n roll,0.11,Platform,pac 'n roll,72.0
pac-man,1.22,Puzzle,pac-man,62.0
pac-man & galaga dimensions,0.19,Action,pac-man & galaga dimensions,60.0
pac-man and the ghostly adventures,0.32,Platform,pac-man and the ghostly adventures,53.5
pac-man and the ghostly adventures 2,0.36,Platform,pac-man and the ghostly adventures 2,59.5
pac-man collection,2.94,Puzzle,pac-man collection,79.0
pac-man fever,0.79,Misc,pac-man fever,50.5
pac-man party,0.62,Misc,pac-man party,59.0
pac-man party 3d,0.15,Party,pac-man party 3d,43.0
pac-man world 2,2.48,Action,pac-man world 2,71.0
pac-man world 3,0.69,Platform,pac-man world 3,59.8
pac-man world rally,0.14,Racing,pac-man world rally,52.5
pac-pix,0.27,Puzzle,pac-pix,71.0
pacific fighters,0.0,Simulation,pacific fighters,76.0
pain,0.01,Action,pain,71.0
painkiller,0.02,Shooter,painkiller,81.0
painkiller: hell & damnation,0.07,Shooter,painkiller: hell & damnation,52.333333333333336
painkiller: hell wars,0.04,Shooter,painkiller: hell wars,68.0
pandora's tower,0.31,Role-Playing,pandora's tower,73.0
panzer dragoon,0.37,Shooter,panzer dragoon,63.0
panzer dragoon orta,0.26,Shooter,panzer dragoon orta,90.0
panzer tactics ds,0.06,Strategy,panzer tactics ds,67.0
paper mario,0.0,Role-Playing,paper mario,93.0
paper mario: color splash,0.87,Action-Adventure,paper mario: color splash,76.0
paperboy,0.24,Action,paperboy,71.0
parappa the rapper,0.15,Misc,parappa the rapper,79.5
parappa the rapper 2,0.14,Misc,parappa the rapper 2,67.0
parappa the rapper remastered,0.02,Music,parappa the rapper remastered,61.0
paraworld,0.02,Strategy,paraworld,71.0
pariah,0.1,Action,pariah,69.5
past cure,0.05,Action,past cure,39.666666666666664
patapon,0.82,Platform,patapon,79.0
patapon 2,0.11,Platform,patapon 2,81.0
patapon 3,0.28,Platform,patapon 3,74.0
payday 2,1.77,Shooter,payday 2,72.0
pdc world championship darts 2008,0.29,Sports,pdc world championship darts 2008,47.0
pdc world championship darts 2009,0.01,Sports,pdc world championship darts 2009,45.0
peggle: dual shot,0.12,Puzzle,peggle: dual shot,84.0
penny-punching princess,0.03,Misc,penny-punching princess,63.0
penumbra: overture,0.0,Adventure,penumbra: overture,73.0
perimeter,0.0,Strategy,perimeter,77.0
persona 2: eternal punishment,0.35,Role-Playing,persona 2: eternal punishment,83.0
persona 3: dancing in moonlight,0.05,Music,persona 3: dancing in moonlight,73.0
persona 4 arena,0.9,Fighting,persona 4 arena,84.5
persona 4 arena ultimax,0.23,Fighting,persona 4 arena ultimax,84.5
persona 4: dancing all night,0.38,Music,persona 4: dancing all night,76.0
persona 5,1.88,Role-Playing,persona 5,93.0
persona 5: dancing in starlight,0.08,Music,persona 5: dancing in starlight,72.0
persona dancing: endless night collection,0.13,Music,persona dancing: endless night collection,75.0
persona q2: new cinema labyrinth,0.1,Role-Playing,persona q2: new cinema labyrinth,81.0
pet alien: an intergalactic puzzlepalooza,0.03,Action,pet alien: an intergalactic puzzlepalooza,58.0
peter jackson's king kong: the official game of the movie,3.39,Action,peter jackson's king kong: the official game of the movie,76.33333333333333
pga european tour,0.01,Sports,pga european tour,58.0
phalanx,0.0,Shooter,phalanx,71.0
phantasy star collection,0.11,Role-Playing,phantasy star collection,76.0
phantasy star online,0.2,Role-Playing,phantasy star online,89.0
phantasy star online episode i & ii,0.6,Role-Playing,phantasy star online episode i & ii,84.0
phantasy star online episode iii: c.a.r.d. revolution,0.08,Role-Playing,phantasy star online episode iii: c.a.r.d. revolution,71.0
phantasy star online ver. 2,0.19,Role-Playing,phantasy star online ver. 2,80.0
phantasy star universe,0.12,Role-Playing,phantasy star universe,63.666666666666664
phantom brave,0.14,Role-Playing,phantom brave,81.0
phantom brave: the hermuda triangle,0.1,Role-Playing,phantom brave: the hermuda triangle,65.0
phantom brave: we meet again,0.13,Role-Playing,phantom brave: we meet again,76.0
phantom crash,0.05,Simulation,phantom crash,74.0
phantom dust,0.11,Action,phantom dust,81.0
phineas and ferb: across the 2nd dimension,1.44,Action,phineas and ferb: across the 2nd dimension,63.0
phoenix wright: ace attorney,0.93,Adventure,phoenix wright: ace attorney,74.0
phoenix wright: ace attorney - dual destinies,0.38,Misc,phoenix wright: ace attorney - dual destinies,81.0
phoenix wright: ace attorney - justice for all,0.53,Adventure,phoenix wright: ace attorney - justice for all,76.0
phoenix wright: ace attorney - trials and tribulations,0.62,Adventure,phoenix wright: ace attorney - trials and tribulations,74.0
phoenix wright: ace attorney trilogy,0.11000000000000001,Misc,phoenix wright: ace attorney trilogy,80.4
picross 3d,0.5,Puzzle,picross 3d,83.0
picross ds,0.5,Puzzle,picross ds,83.0
pictionary,1.03,Misc,pictionary,71.0
pictoimage,0.1,Puzzle,pictoimage,61.0
pillars of eternity,0.23,Role-Playing,pillars of eternity,89.0
pilotwings resort,0.96,Simulation,pilotwings resort,71.0
pimp my ride,0.22,Racing,pimp my ride,37.0
pinball hall of fame: the gottlieb collection,0.8200000000000001,Misc,pinball hall of fame: the gottlieb collection,68.0
pinball hall of fame: the williams collection,1.04,Misc,pinball hall of fame: the williams collection,82.33333333333333
ping pals,0.11,Misc,ping pals,28.0
pinobee: wings of adventure,0.08,Platform,pinobee: wings of adventure,61.0
pipe mania,0.30000000000000004,Puzzle,pipe mania,71.0
pirates of black cove,0.01,Adventure,pirates of black cove,56.0
pirates of the burning sea,0.02,Role-Playing,pirates of the burning sea,76.0
pirates of the caribbean,0.29,Role-Playing,pirates of the caribbean,64.5
pirates of the caribbean: at world's end,2.7,Action,pirates of the caribbean: at world's end,57.166666666666664
pirates of the caribbean: dead man's chest,1.01,Adventure,pirates of the caribbean: dead man's chest,61.666666666666664
pirates of the caribbean: the curse of the black pearl,1.29,Platform,pirates of the caribbean: the curse of the black pearl,49.0
pirates of the caribbean: the legend of jack sparrow,0.25,Adventure,pirates of the caribbean: the legend of jack sparrow,50.0
pirates: duels on the high seas,0.03,Action,pirates: duels on the high seas,50.0
pirates: the legend of black kat,0.2,Adventure,pirates: the legend of black kat,73.0
pitfall: the lost expedition,0.42000000000000004,Platform,pitfall: the lost expedition,69.6
pitfall: the mayan adventure,0.28,Platform,pitfall: the mayan adventure,58.0
pixeljunk monsters deluxe,0.12,Strategy,pixeljunk monsters deluxe,86.0
planescape: torment,0.03,Role-Playing,planescape: torment,91.0
planet 51,0.81,Action,planet 51,51.5
planet monsters,0.01,Action,planet monsters,67.0
planet of the apes,0.03,Action,planet of the apes,41.0
planet puzzle league,0.33,Puzzle,planet puzzle league,86.0
plants vs zombies: garden warfare,3.1799999999999997,Shooter,plants vs zombies: garden warfare,76.33333333333333
plants vs. zombies,1.59,Strategy,plants vs. zombies,83.8
platypus,0.02,Shooter,platypus,59.0
playboy: the mansion,0.29000000000000004,Simulation,playboy: the mansion,59.666666666666664
playerunknown's battlegrounds,2.5,Shooter,playerunknown's battlegrounds,81.0
playstation all-stars battle royale,1.49,Fighting,playstation all-stars battle royale,74.5
playstation move ape escape,0.04,Party,playstation move ape escape,43.0
playstation move heroes,0.18,Platform,playstation move heroes,53.0
playstation vr worlds,2.16,Misc,playstation vr worlds,59.0
pocket pool,0.04,Action,pocket pool,37.0
pocket racers,0.01,Racing,pocket racers,39.0
pogo island,0.0,Adventure,pogo island,62.0
pokepark 2: wonders beyond,0.05,Adventure,pokepark 2: wonders beyond,60.0
polarium,0.26,Puzzle,polarium,73.0
pony friends,0.05,Simulation,pony friends,67.0
poochy & yoshi's woolly world,0.55,Platform,poochy & yoshi's woolly world,77.0
pool party,0.05,Sports,pool party,32.0
popeye: rush for spinach,0.03,Platform,popeye: rush for spinach,48.0
popolocrois,0.06,Role-Playing,popolocrois,66.0
populous ds,0.09,Strategy,populous ds,60.0
port royale 2,0.04,Strategy,port royale 2,75.0
portal 2,3.79,Shooter,portal 2,95.0
portal knights,0.19999999999999998,Role-Playing,portal knights,74.0
portal runner,0.13,Platform,portal runner,53.0
post mortem,0.02,Adventure,post mortem,71.0
power gig: rise of the sixstring,0.26,Misc,power gig: rise of the sixstring,36.0
power rangers super megaforce,0.03,Action-Adventure,power rangers super megaforce,43.0
power spike pro beach volleyball,0.05,Sports,power spike pro beach volleyball,48.0
power stone collection,0.1,Action,power stone collection,74.0
powerdrome,0.01,Racing,powerdrome,69.0
powerup heroes,0.3,Fighting,powerup heroes,61.0
pq2: practical intelligence quotient,0.05,Puzzle,pq2: practical intelligence quotient,74.0
pq: practical intelligence quotient,0.08,Puzzle,pq: practical intelligence quotient,69.0
praetorians,0.04,Strategy,praetorians,78.0
predator: concrete jungle,0.30000000000000004,Action,predator: concrete jungle,46.5
prehistorik man,0.02,Platform,prehistorik man,69.0
prey,0.36,Shooter,prey,81.0
prey the stars,0.08,Action,prey the stars,66.0
pride fc: fighting championships,0.3,Fighting,pride fc: fighting championships,73.0
pride of nations,0.01,Strategy,pride of nations,70.0
primal,0.43,Action,primal,73.0
prince of persia,2.08,Adventure,prince of persia,82.66666666666667
prince of persia: rival swords,0.41,Action,prince of persia: rival swords,70.0
prince of persia: the fallen king,0.07,Action,prince of persia: the fallen king,64.0
prince of persia: the forgotten sands,2.1,Action,prince of persia: the forgotten sands,70.5
prince of persia: the sands of time,3.6300000000000003,Adventure,prince of persia: the sands of time,88.0
prince of persia: the two thrones,1.41,Adventure,prince of persia: the two thrones,84.75
prince of persia: warrior within,2.64,Adventure,prince of persia: warrior within,83.0
"prinny 2: dawn of operation panties, dood!",0.11,Platform,"prinny 2: dawn of operation panties, dood!",68.0
prinny: can i really be the hero?,0.11,Platform,prinny: can i really be the hero?,72.0
prism: light the way,0.05,Puzzle,prism: light the way,73.0
prison architect,0.07,Simulation,prison architect,77.5
prison break: the conspiracy,0.45999999999999996,Adventure,prison break: the conspiracy,43.0
prisoner of war,0.08,Adventure,prisoner of war,64.0
pro cast sports fishing,0.03,Sports,pro cast sports fishing,49.0
pro evolution soccer 2008,8.48,Sports,pro evolution soccer 2008,75.5
pro evolution soccer 2010,5.9799999999999995,Sports,pro evolution soccer 2010,77.6
pro evolution soccer 2011,4.5,Sports,pro evolution soccer 2011,77.0
pro evolution soccer 2011 3d,0.38,Sports,pro evolution soccer 2011 3d,73.0
pro evolution soccer 2012,3.6599999999999997,Sports,pro evolution soccer 2012,78.5
pro evolution soccer 2013,2.45,Sports,pro evolution soccer 2013,81.33333333333333
pro evolution soccer 2014,1.8,Sports,pro evolution soccer 2014,77.33333333333333
pro evolution soccer 2015,1.7,Sports,pro evolution soccer 2015,81.0
pro evolution soccer 2016,1.56,Sports,pro evolution soccer 2016,82.66666666666667
pro evolution soccer 2017,1.26,Sports,pro evolution soccer 2017,80.33333333333333
pro evolution soccer 2018,1.0,Sports,pro evolution soccer 2018,82.0
pro evolution soccer 2019,0.55,Sports,pro evolution soccer 2019,80.33333333333333
pro fishing challenge,0.02,Sports,pro fishing challenge,62.0
pro race driver,0.31,Racing,pro race driver,78.33333333333333
pro rally,0.02,Racing,pro rally,64.0
professor heinz wolff's gravity,0.22000000000000003,Puzzle,professor heinz wolff's gravity,58.0
professor layton and the azran legacy,0.81,Puzzle,professor layton and the azran legacy,81.0
project cars,1.82,Racing,project cars,82.33333333333333
project cars 2,0.75,Racing,project cars 2,83.33333333333333
project eden,0.09,Action,project eden,71.5
project spark,0.17,Misc,project spark,73.0
project sylpheed: arc of deception,0.15,Shooter,project sylpheed: arc of deception,64.0
project x zone 2,0.19,Role-Playing,project x zone 2,73.0
project: snowblind,0.32,Action,project: snowblind,77.66666666666667
prototype 2,1.6800000000000002,Action,prototype 2,76.33333333333333
pryzm chapter one: the dark unicorn,0.12,Adventure,pryzm chapter one: the dark unicorn,59.0
psi-ops: the mindgate conspiracy,0.45999999999999996,Shooter,psi-ops: the mindgate conspiracy,84.0
psycho-pass: mandatory happiness,0.21,Visual Novel,psycho-pass: mandatory happiness,68.0
psychonauts,0.21,Platform,psychonauts,87.0
puchi puchi virus,0.09,Puzzle,puchi puchi virus,73.0
pulse racer,0.02,Racing,pulse racer,24.0
pump it up: exceed,0.08,Misc,pump it up: exceed,73.5
punch king,0.05,Fighting,punch king,58.0
punch line,0.04,Adventure,punch line,66.0
punch-out!!,0.27,Sports,punch-out!!,86.0
puppeteer,0.27,Platform,puppeteer,80.0
pure,3.3600000000000003,Racing,pure,82.66666666666667
pure farming 2018,0.07,Simulation,pure farming 2018,70.0
pure futbol,0.42,Sports,pure futbol,42.0
pure pinball,0.04,Misc,pure pinball,68.0
pursuit force,0.17,Racing,pursuit force,75.0
pursuit force: extreme justice,0.17,Racing,pursuit force: extreme justice,73.0
putty squad,0.2,Platform,putty squad,38.0
puyo pop,0.05,Puzzle,puyo pop,84.0
puyo pop fever,0.05,Puzzle,puyo pop fever,74.0
puyo puyo tetris,0.34,Puzzle,puyo puyo tetris,82.0
puzzle chronicles,0.12000000000000001,Puzzle,puzzle chronicles,59.5
puzzle guzzle,0.02,Puzzle,puzzle guzzle,65.0
puzzle kingdoms,0.25,Puzzle,puzzle kingdoms,63.5
puzzle quest 2,0.12,Puzzle,puzzle quest 2,77.5
puzzle quest: challenge of the warlords,0.77,Puzzle,puzzle quest: challenge of the warlords,81.0
puzzle quest: galactrix,0.16,Puzzle,puzzle quest: galactrix,73.75
q*bert,1.42,Puzzle,q*bert,58.0
q-ball: billiards master,0.27,Sports,q-ball: billiards master,65.0
qix++,0.0,Puzzle,qix++,51.0
quake,0.19,Shooter,quake,84.0
quake 4,0.39,Shooter,quake 4,78.0
quantum break,0.78,Action,quantum break,71.5
quantum conundrum,0.01,Misc,quantum conundrum,77.33333333333333
quantum redshift,0.13,Racing,quantum redshift,70.0
quantum theory,0.28,Shooter,quantum theory,40.0
quickspot,0.14,Misc,quickspot,68.0
r-type command,0.09,Strategy,r-type command,69.0
r-type final,0.19,Shooter,r-type final,79.0
r-type iii: the third lightning,0.03,Shooter,r-type iii: the third lightning,46.0
r.u.s.e.,1.03,Strategy,r.u.s.e.,76.66666666666667
r4: ridge racer type 4,2.06,Racing,r4: ridge racer type 4,88.0
r: racing evolution,0.45,Racing,r: racing evolution,66.66666666666667
rabbids go home,1.8499999999999999,Adventure,rabbids go home,74.0
rabbids land,0.03,Party,rabbids land,52.0
race driver 2006,0.03,Racing,race driver 2006,81.0
race driver: create & race,0.02,Racing,race driver: create & race,76.0
race on,0.03,Racing,race on,73.0
race pro,0.17,Racing,race pro,72.0
racing gears advance,0.06,Racing,racing gears advance,83.0
racquet sports,0.5900000000000001,Sports,racquet sports,48.0
rad rodgers,0.04,Platform,rad rodgers,68.66666666666667
radiant historia,0.3,Role-Playing,radiant historia,85.0
radiant historia: perfect chronology,0.21,Role-Playing,radiant historia: perfect chronology,85.0
radiant silvergun,0.03,Shooter,radiant silvergun,86.0
rafa nadal tennis,0.0,Sports,rafa nadal tennis,56.0
rage,3.29,Shooter,rage,80.33333333333333
ragnarok ds,0.22,Role-Playing,ragnarok ds,53.0
ragnarok odyssey,0.42,Role-Playing,ragnarok odyssey,66.0
ragnarok odyssey ace,0.04,Role-Playing,ragnarok odyssey ace,61.0
raid: world war ii,0.07,Shooter,raid: world war ii,46.0
raiden fighters aces,0.09,Shooter,raiden fighters aces,73.0
raiden v,0.03,Action,raiden v,75.0
rail simulator,0.01,Simulation,rail simulator,72.0
railroad tycoon 3,0.03,Strategy,railroad tycoon 3,80.0
railroad tycoon ii,0.11,Strategy,railroad tycoon ii,89.0
railway empire,0.06,Simulation,railway empire,75.5
rain,0.05,Action-Adventure,rain,72.0
rainbow islands revolution,0.02,Platform,rainbow islands revolution,54.0
rallisport challenge,0.0,Racing,rallisport challenge,82.0
rally challenge 2000,0.04,Racing,rally challenge 2000,41.0
rally championship,0.01,Racing,rally championship,63.0
rally fusion: race of champions,0.18,Racing,rally fusion: race of champions,71.0
rampage puzzle attack,0.0,Puzzle,rampage puzzle attack,71.0
rampage: total destruction,0.98,Action,rampage: total destruction,51.333333333333336
rapala pro fishing,0.58,Sports,rapala pro fishing,59.0
rapala tournament fishing!,0.5800000000000001,Sports,rapala tournament fishing!,41.0
rare replay,0.78,Misc,rare replay,84.0
ratatouille,4.41,Platform,ratatouille,60.0
ratchet & clank collection,0.77,Platform,ratchet & clank collection,79.5
ratchet & clank: full frontal assault,0.25,Action,ratchet & clank: full frontal assault,64.0
ratchet & clank: size matters,4.04,Platform,ratchet & clank: size matters,73.5
rave master,0.05,Fighting,rave master,60.0
raven squad: operation hidden dagger,0.12,Shooter,raven squad: operation hidden dagger,39.0
raven's cry,0.01,Role-Playing,raven's cry,27.0
raving rabbids: travel in time,0.75,Adventure,raving rabbids: travel in time,62.0
raw danger!,0.03,Action,raw danger!,63.0
ray gigant,0.05,Role-Playing,ray gigant,72.0
raycrisis: series termination,0.02,Shooter,raycrisis: series termination,67.0
rayman 2: the great escape,0.96,Platform,rayman 2: the great escape,90.0
rayman 3,0.14,Platform,rayman 3,83.0
rayman 3: hoodlum havoc,0.45999999999999996,Platform,rayman 3: hoodlum havoc,75.5
rayman 3d,0.64,Platform,rayman 3d,61.0
rayman arena,0.81,Racing,rayman arena,57.666666666666664
rayman ds,0.26,Platform,rayman ds,58.0
rayman legends,4.48,Platform,rayman legends,90.0
rayman origins,2.59,Platform,rayman origins,85.16666666666667
rayman raving rabbids,1.7899999999999998,Misc,rayman raving rabbids,65.75
rayman raving rabbids 2,2.64,Misc,rayman raving rabbids 2,62.0
rayman raving rabbids: tv party,2.51,Misc,rayman raving rabbids: tv party,73.0
rayman: hoodlum's revenge,0.06,Platform,rayman: hoodlum's revenge,61.0
raystorm,0.07,Shooter,raystorm,79.0
raze's hell,0.05,Shooter,raze's hell,71.0
razor freestyle scooter,0.47000000000000003,Sports,razor freestyle scooter,65.0
rc revenge pro,0.17,Racing,rc revenge pro,49.0
ready 2 rumble boxing: round 2,1.57,Fighting,ready 2 rumble boxing: round 2,72.5
ready 2 rumble revolution,0.16,Sports,ready 2 rumble revolution,37.0
real heroes: firefighter,0.64,Action,real heroes: firefighter,67.0
real pool,0.28,Sports,real pool,54.0
real soccer 2009,0.06,Sports,real soccer 2009,70.0
real world golf,0.14,Sports,real world golf,73.5
reality fighters,0.13,Fighting,reality fighters,54.0
rebelstar: tactical command,0.05,Strategy,rebelstar: tactical command,78.0
record of agarest war,0.27,Role-Playing,record of agarest war,69.0
record of agarest war zero,0.23,Strategy,record of agarest war zero,50.0
recore,0.26,Action-Adventure,recore,60.5
red bull bc one,0.09,Misc,red bull bc one,48.0
red dead redemption,13.07,Action,red dead redemption,95.0
red dead redemption 2,19.71,Action-Adventure,red dead redemption 2,95.66666666666667
red dead revolver,2.0,Shooter,red dead revolver,73.5
red faction,1.92,Shooter,red faction,83.0
red faction ii,1.65,Shooter,red faction ii,75.25
red faction: armageddon,0.8500000000000001,Shooter,red faction: armageddon,72.33333333333333
red faction: guerrilla,1.64,Shooter,red faction: guerrilla,84.0
red faction: guerrilla re-mars-tered,0.14,Shooter,red faction: guerrilla re-mars-tered,70.5
red ninja: end of honor,0.06,Action,red ninja: end of honor,46.5
red orchestra 2: heroes of stalingrad,0.13,Shooter,red orchestra 2: heroes of stalingrad,76.0
redcard 20-03,0.12000000000000001,Sports,redcard 20-03,70.33333333333333
redout,0.04,Racing,redout,75.66666666666667
reign of fire,0.53,Shooter,reign of fire,56.25
remember me,0.53,Action,remember me,69.0
rengoku: the tower of purgatory,0.11,Action,rengoku: the tower of purgatory,43.0
reservoir dogs,0.0,Action,reservoir dogs,50.0
resident evil,0.17,Action,resident evil,85.5
resident evil 2,0.6200000000000001,Action,resident evil 2,83.85714285714286
resident evil 3: nemesis,0.08,Action,resident evil 3: nemesis,75.75
resident evil 4,0.18,Action-Adventure,resident evil 4,84.33333333333333
resident evil 5,8.74,Action,resident evil 5,78.16666666666667
resident evil 6,5.33,Action,resident evil 6,66.83333333333333
resident evil archives: resident evil,0.3,Action,resident evil archives: resident evil,76.0
resident evil archives: resident evil zero,0.24,Action,resident evil archives: resident evil zero,62.0
resident evil outbreak file #2,0.57,Action,resident evil outbreak file #2,58.0
resident evil: dead aim,0.35,Shooter,resident evil: dead aim,65.0
resident evil: deadly silence,0.26,Action,resident evil: deadly silence,71.0
resident evil: operation raccoon city,1.99,Shooter,resident evil: operation raccoon city,50.666666666666664
resident evil: revelations,2.33,Action,resident evil: revelations,76.57142857142857
resident evil: revelations 2,1.24,Action,resident evil: revelations 2,72.4
resident evil: survivor,0.71,Shooter,resident evil: survivor,39.0
resident evil: the darkside chronicles,1.05,Shooter,resident evil: the darkside chronicles,75.0
resident evil: the mercenaries 3d,0.49,Shooter,resident evil: the mercenaries 3d,65.0
resistance: burning skies,0.44,Shooter,resistance: burning skies,60.0
resistance: retribution,0.9,Shooter,resistance: retribution,81.0
resonance of fate,1.07,Role-Playing,resonance of fate,73.0
restaurant empire ii,0.0,Simulation,restaurant empire ii,64.0
retro atari classics,0.13,Misc,retro atari classics,51.0
retro game challenge,0.11,Action,retro game challenge,77.0
return to castle wolfenstein: operation resurrection,0.53,Shooter,return to castle wolfenstein: operation resurrection,66.0
return to castle wolfenstein: tides of war,0.67,Shooter,return to castle wolfenstein: tides of war,84.0
return to mysterious island,0.0,Adventure,return to mysterious island,79.0
return to popolocrois: a story of seasons fairytale,0.22,Simulation,return to popolocrois: a story of seasons fairytale,72.0
rez,0.05,Shooter,rez,78.0
rhapsody: a musical adventure,0.09,Role-Playing,rhapsody: a musical adventure,67.0
rhythm heaven fever,0.89,Music,rhythm heaven fever,83.0
rhythm thief & the emperor's treasure,0.28,Misc,rhythm thief & the emperor's treasure,76.0
ribbit king,0.14,Sports,ribbit king,59.0
ride,0.45,Racing,ride,62.666666666666664
ride 2,0.26,Racing,ride 2,67.33333333333333
ride 3,0.1,Racing,ride 3,73.5
ridge racer,0.97,Racing,ridge racer,66.0
ridge racer 6,0.2,Racing,ridge racer 6,74.0
ridge racer 7,1.37,Racing,ridge racer 7,78.0
ridge racer ds,0.15,Racing,ridge racer ds,63.0
ridge racer unbounded,0.28,Racing,ridge racer unbounded,71.66666666666667
ridge racer v,1.24,Racing,ridge racer v,78.0
riding spirits,0.26,Racing,riding spirits,59.0
rift,0.7,Role-Playing,rift,84.0
rigs: mechanized combat league,0.23,Action,rigs: mechanized combat league,78.0
rime,0.29,Adventure,rime,76.0
ring of red,0.11,Strategy,ring of red,82.0
rio,0.5800000000000001,Misc,rio,62.5
rise & fall: civilizations at war,0.0,Strategy,rise & fall: civilizations at war,64.0
rise of nations: rise of legends,0.03,Strategy,rise of nations: rise of legends,84.0
rise of the argonauts,0.37,Action,rise of the argonauts,56.666666666666664
rise of the kasai,0.19,Action,rise of the kasai,68.0
rise of the tomb raider,2.44,Adventure,rise of the tomb raider,86.0
risen,0.33,Role-Playing,risen,68.5
risen 2: dark waters,0.37,Role-Playing,risen 2: dark waters,58.666666666666664
risen 3: titan lords,0.14,Role-Playing,risen 3: titan lords,48.333333333333336
risk: global domination,0.38,Strategy,risk: global domination,60.0
riven: the sequel to myst,0.32,Adventure,riven: the sequel to myst,83.0
river city ransom ex,0.07,Action,river city ransom ex,75.0
riviera: the promised land,0.19,Role-Playing,riviera: the promised land,72.0
rlh: run like hell,0.14,Shooter,rlh: run like hell,56.5
road rage,0.07,Racing,road rage,26.0
road rash: jailbreak,0.5,Racing,road rash: jailbreak,78.0
roadkill,0.28,Action,roadkill,67.66666666666667
robert ludlum's the bourne conspiracy,0.8300000000000001,Action,robert ludlum's the bourne conspiracy,70.5
robin hood: defender of the crown,0.22,Strategy,robin hood: defender of the crown,59.666666666666664
robinson: the journey,0.27,Action-Adventure,robinson: the journey,64.0
robocalypse,0.07,Strategy,robocalypse,78.0
robocop,0.02,Shooter,robocop,30.0
robot alchemic drive,0.07,Action,robot alchemic drive,79.0
robotech: battlecry,0.98,Shooter,robotech: battlecry,73.33333333333333
robotech: invasion,0.16,Shooter,robotech: invasion,58.0
robotech: the macross saga,0.21,Shooter,robotech: the macross saga,61.0
rock 'n roll racing,0.05,Racing,rock 'n roll racing,80.0
rock band,7.28,Misc,rock band,86.5
rock band 2,5.3100000000000005,Misc,rock band 2,91.66666666666667
rock band 3,2.18,Misc,rock band 3,88.5
rock band 4,1.3199999999999998,Music,rock band 4,78.5
rock band unplugged,0.5,Misc,rock band unplugged,79.0
rock of the dead,0.1,Shooter,rock of the dead,46.5
rock revolution,0.75,Misc,rock revolution,40.0
rocket league,3.92,Sports,rocket league,86.0
rocksmith,2.38,Misc,rocksmith,78.5
rockstar games presents table tennis,2.01,Sports,rockstar games presents table tennis,74.5
rocky,1.1,Fighting,rocky,71.25
rocky balboa,0.11,Sports,rocky balboa,58.0
rocky: legends,0.37,Action,rocky: legends,66.0
rodea the sky soldier,0.19,Action-Adventure,rodea the sky soldier,45.0
rogue galaxy,0.84,Role-Playing,rogue galaxy,83.0
rogue ops,0.41000000000000003,Action,rogue ops,63.0
rogue trooper,0.06,Shooter,rogue trooper,70.33333333333333
rogue trooper redux,0.04,Shooter,rogue trooper redux,60.0
rogue trooper: quartz zone massacre,0.07,Shooter,rogue trooper: quartz zone massacre,70.0
rogue warrior,0.24,Shooter,rogue warrior,28.0
rollcage stage ii,0.09,Racing,rollcage stage ii,85.0
rollercoaster tycoon,0.17,Strategy,rollercoaster tycoon,62.0
rollercoaster tycoon 2,1.25,Strategy,rollercoaster tycoon 2,74.0
romance of the three kingdoms ix,0.07,Strategy,romance of the three kingdoms ix,74.0
romance of the three kingdoms vii,0.32,Strategy,romance of the three kingdoms vii,72.0
romance of the three kingdoms viii,0.3,Strategy,romance of the three kingdoms viii,77.0
romance of the three kingdoms x,0.09,Strategy,romance of the three kingdoms x,71.0
romance of the three kingdoms xi,0.07,Strategy,romance of the three kingdoms xi,69.5
romance of the three kingdoms xiii,0.15000000000000002,Action,romance of the three kingdoms xiii,67.0
rome: total war,0.11,Strategy,rome: total war,92.0
roogoo,0.0,Puzzle,roogoo,75.0
rooms: the main building,0.56,Adventure,rooms: the main building,58.0
root letter,0.11,Adventure,root letter,68.0
rory mcilroy pga tour,0.8300000000000001,Sports,rory mcilroy pga tour,60.5
rpg maker,0.79,Role-Playing,rpg maker,66.0
rpg maker 3,0.06,Role-Playing,rpg maker 3,69.0
rpg maker ii,0.13,Role-Playing,rpg maker ii,65.0
rtx red rock,0.08,Shooter,rtx red rock,49.0
rubik's world,0.27,Puzzle,rubik's world,65.0
ruff trigger: the vanocore conspiracy,0.02,Platform,ruff trigger: the vanocore conspiracy,57.0
rugby 06,0.07,Sports,rugby 06,76.0
rugby 08,0.04,Sports,rugby 08,74.0
rugby 18,0.11,Sports,rugby 18,41.0
rugby 2004,0.22,Sports,rugby 2004,58.0
rugby 2005,0.14,Sports,rugby 2005,73.0
rugby world cup 2011,0.6000000000000001,Sports,rugby world cup 2011,52.5
rule of rose,0.02,Action,rule of rose,59.0
rumble racing,0.21,Racing,rumble racing,85.0
rumble roses,0.39,Fighting,rumble roses,66.0
rumble roses xx,0.13,Fighting,rumble roses xx,62.0
runaway: a twist of fate,0.06,Adventure,runaway: a twist of fate,79.0
runaway: the dream of the turtle,0.0,Adventure,runaway: the dream of the turtle,67.0
runbow,0.02,Platform,runbow,77.33333333333333
rune factory 2: a fantasy harvest moon,0.52,Role-Playing,rune factory 2: a fantasy harvest moon,77.0
rune factory 3: a fantasy harvest moon,0.41,Role-Playing,rune factory 3: a fantasy harvest moon,77.0
rune factory 4,0.68,Role-Playing,rune factory 4,78.0
rune factory: a fantasy harvest moon,0.53,Role-Playing,rune factory: a fantasy harvest moon,78.0
rune factory: tides of destiny,0.42000000000000004,Simulation,rune factory: tides of destiny,55.0
rune: viking warlord,0.26,Action,rune: viking warlord,53.0
runner3,0.02,Platform,runner3,75.5
rush,0.12,Racing,rush,66.0
rush for berlin,0.0,Strategy,rush for berlin,76.0
rygar: the battle of argus,0.09,Action,rygar: the battle of argus,52.0
rygar: the legendary adventure,0.46,Action,rygar: the legendary adventure,83.0
s.l.a.i.: steel lancer arena international,0.03,Simulation,s.l.a.i.: steel lancer arena international,66.0
s.t.a.l.k.e.r.: call of pripyat,0.06,Shooter,s.t.a.l.k.e.r.: call of pripyat,80.0
s.t.a.l.k.e.r.: clear sky,0.03,Shooter,s.t.a.l.k.e.r.: clear sky,75.0
sabre wulf,0.03,Platform,sabre wulf,75.0
sacred 2: fallen angel,1.21,Role-Playing,sacred 2: fallen angel,70.66666666666667
sacred 3,0.16,Role-Playing,sacred 3,54.0
safecracker: the ultimate puzzle adventure,0.22000000000000003,Puzzle,safecracker: the ultimate puzzle adventure,62.5
saint seiya: brave soldiers,0.07,Fighting,saint seiya: brave soldiers,55.0
saint seiya: sanctuary battle,0.23,Action,saint seiya: sanctuary battle,62.0
saint seiya: soldiers' soul,0.35,Fighting,saint seiya: soldiers' soul,59.0
saints row 2,4.79,Action,saints row 2,78.33333333333333
saints row iv,3.21,Action,saints row iv,81.0
saints row iv: re-elected,0.6599999999999999,Action,saints row iv: re-elected,73.0
saints row: gat out of hell,0.08,Action,saints row: gat out of hell,65.0
saints row: the third,5.63,Action,saints row: the third,83.33333333333333
saiyuki: journey west,0.05,Strategy,saiyuki: journey west,73.0
sakura wars,0.66,Adventure,sakura wars,73.0
"sakura wars: so long, my love",0.39999999999999997,Role-Playing,"sakura wars: so long, my love",78.0
salt and sanctuary,0.03,Platform,salt and sanctuary,82.0
salt lake 2002,0.2,Sports,salt lake 2002,49.333333333333336
sam & max: beyond time and space,0.05,Adventure,sam & max: beyond time and space,75.0
sam & max: season one,0.15,Adventure,sam & max: season one,74.0
samba de amigo,0.89,Misc,samba de amigo,78.5
samurai champloo: sidetracked,0.05,Action,samurai champloo: sidetracked,66.0
samurai jack: the amulet of time,0.22,Platform,samurai jack: the amulet of time,63.0
samurai jack: the shadow of aku,0.08,Action,samurai jack: the shadow of aku,59.0
samurai shodown,0.47000000000000003,Fighting,samurai shodown,77.5
samurai shodown ii,0.25,Fighting,samurai shodown ii,72.0
samurai shodown sen,0.08,Fighting,samurai shodown sen,46.0
samurai shodown v,0.02,Fighting,samurai shodown v,58.0
samurai warriors,0.07,Action,samurai warriors,72.0
samurai warriors 2,0.72,Action,samurai warriors 2,55.0
samurai warriors 2: empires,0.23,Action,samurai warriors 2: empires,55.0
samurai warriors 2: xtreme legends,0.09,Action,samurai warriors 2: xtreme legends,50.0
samurai warriors 3,0.44,Action,samurai warriors 3,55.0
samurai warriors 4,0.62,Fighting,samurai warriors 4,76.0
samurai warriors 4-ii,0.31,Action,samurai warriors 4-ii,73.0
samurai warriors chronicles 3,0.15000000000000002,Action,samurai warriors chronicles 3,66.5
samurai warriors: katana,0.15,Action,samurai warriors: katana,53.0
samurai warriors: spirit of sanada,0.07,Action,samurai warriors: spirit of sanada,74.0
samurai warriors: state of war,0.19,Action,samurai warriors: state of war,64.0
samurai warriors: xtreme legends,0.45,Action,samurai warriors: xtreme legends,72.0
samurai western,0.08,Action,samurai western,58.0
san francisco rush 2049,0.2,Racing,san francisco rush 2049,84.0
sands of destruction,0.23,Role-Playing,sands of destruction,63.0
savage skies,0.09,Shooter,savage skies,56.0
saw,0.66,Action,saw,59.0
saw ii: flesh & blood,0.33999999999999997,Action,saw ii: flesh & blood,46.0
sbk superbike world championship,0.49,Racing,sbk superbike world championship,61.0
sbk x: superbike world championship,0.4,Racing,sbk x: superbike world championship,74.0
sbk: snowboard kids,0.02,Sports,sbk: snowboard kids,63.0
scaler,0.16999999999999998,Platform,scaler,69.33333333333333
scarface: money. power. respect.,0.16,Strategy,scarface: money. power. respect.,58.0
scarface: the world is yours,1.8599999999999999,Adventure,scarface: the world is yours,73.75
scene it? box office smash,0.65,Misc,scene it? box office smash,76.0
scene it? bright lights! big screen!,0.41000000000000003,Misc,scene it? bright lights! big screen!,54.333333333333336
scooby-doo! mystery mayhem,1.26,Adventure,scooby-doo! mystery mayhem,55.0
scooby-doo! night of 100 frights,2.54,Platform,scooby-doo! night of 100 frights,67.66666666666667
scooby-doo! unmasked,0.75,Platform,scooby-doo! unmasked,62.333333333333336
scooby-doo! who's watching who?,0.16999999999999998,Adventure,scooby-doo! who's watching who?,56.0
scratches,0.01,Adventure,scratches,67.0
screamride,0.01,Simulation,screamride,71.0
scribblenauts unmasked: a dc comics adventure,0.2,Puzzle,scribblenauts unmasked: a dc comics adventure,69.0
scurge: hive,0.06,Action,scurge: hive,70.0
sd gundam force: showdown!,0.04,Shooter,sd gundam force: showdown!,58.0
sea dogs,0.0,Simulation,sea dogs,71.0
sea of thieves,0.96,Action-Adventure,sea of thieves,68.0
sea trader: rise of taipan,0.0,Simulation,sea trader: rise of taipan,68.0
seablade,0.06,Shooter,seablade,48.0
seaman,0.52,Simulation,seaman,82.0
second sight,0.26,Adventure,second sight,75.25
secret agent clank,0.74,Platform,secret agent clank,66.5
secret files 2: puritas cordis,0.08,Adventure,secret files 2: puritas cordis,64.0
secret files: tunguska,0.15,Adventure,secret files: tunguska,65.5
secret of mana,0.32,Role-Playing,secret of mana,63.0
secret weapons over normandy,0.73,Simulation,secret weapons over normandy,76.66666666666667
section 8,0.32,Shooter,section 8,71.0
seek and destroy,1.06,Racing,seek and destroy,63.0
sega 3d classics collection,0.060000000000000005,Misc,sega 3d classics collection,73.0
sega arcade gallery,0.04,Misc,sega arcade gallery,70.0
sega bass fishing,0.59,Sports,sega bass fishing,59.0
sega bass fishing duel,0.17,Sports,sega bass fishing duel,68.0
sega casino,0.09,Misc,sega casino,61.0
sega classics collection,0.43,Misc,sega classics collection,46.0
sega genesis classics,0.63,Misc,sega genesis classics,76.0
sega genesis collection,1.5899999999999999,Misc,sega genesis collection,82.0
sega gt,0.13,Racing,sega gt,84.0
sega gt 2002,0.19,Racing,sega gt 2002,82.0
sega gt online,0.08,Racing,sega gt online,72.0
sega rally championship,1.17,Racing,sega rally championship,59.0
sega rally revo,1.35,Racing,sega rally revo,75.0
sega smash pack,0.32,Misc,sega smash pack,60.0
sega soccer slam,0.24,Sports,sega soccer slam,76.66666666666667
sega superstars,0.17,Misc,sega superstars,72.0
sega superstars tennis,5.470000000000001,Sports,sega superstars tennis,68.0
sengoku,0.01,Strategy,sengoku,70.0
sengoku basara: samurai heroes,0.9299999999999999,Action,sengoku basara: samurai heroes,63.0
senran kagura 2: deep crimson,0.18,Action,senran kagura 2: deep crimson,58.0
senran kagura burst,0.14,Action,senran kagura burst,62.0
senran kagura burst re:newal,0.04,Action,senran kagura burst re:newal,65.0
senran kagura: estival versus,0.36,Action,senran kagura: estival versus,69.0
serious sam,0.15,Shooter,serious sam,75.0
serious sam advance,0.02,Shooter,serious sam advance,51.0
serious sam ii,0.06999999999999999,Shooter,serious sam ii,73.0
serious sam: next encounter,0.09000000000000001,Shooter,serious sam: next encounter,67.0
serious sam: the second encounter,0.0,Shooter,serious sam: the second encounter,85.0
sesame street: once upon a monster,0.52,Education,sesame street: once upon a monster,79.0
seven samurai 20xx,0.08,Action,seven samurai 20xx,52.0
shadow hearts,0.28,Role-Playing,shadow hearts,73.0
shadow hearts: covenant,0.24,Role-Playing,shadow hearts: covenant,85.0
shadow hearts: from the new world,0.14,Role-Playing,shadow hearts: from the new world,76.0
shadow man: 2econd coming,0.16,Adventure,shadow man: 2econd coming,68.0
shadow of destiny,0.32,Adventure,shadow of destiny,74.5
shadow of rome,0.27,Action,shadow of rome,75.0
shadow of the colossus,2.38,Action-Adventure,shadow of the colossus,91.0
shadow of the tomb raider,2.52,Action-Adventure,shadow of the tomb raider,78.0
shadow ops: red mercury,0.15,Shooter,shadow ops: red mercury,61.0
shadow tactics: blades of the shogun,0.05,Strategy,shadow tactics: blades of the shogun,85.0
shadow the hedgehog,1.17,Platform,shadow the hedgehog,48.333333333333336
shadow warrior,0.0,Shooter,shadow warrior,72.33333333333333
shadows of the damned,0.46,Action,shadows of the damned,76.5
shaman king: power of spirit,0.13,Adventure,shaman king: power of spirit,54.0
shantae and the pirate's curse,0.1,Platform,shantae and the pirate's curse,81.4
shantae: half-genie hero,0.29,Platform,shantae: half-genie hero,81.0
shark tale,1.9300000000000002,Action,shark tale,67.0
shattered union,0.04,Strategy,shattered union,66.5
shaun palmer's pro snowboarder,1.0899999999999999,Sports,shaun palmer's pro snowboarder,61.0
shaun white skateboarding,0.5700000000000001,Sports,shaun white skateboarding,61.0
shaun white snowboarding,2.35,Sports,shaun white snowboarding,61.0
shaun white snowboarding: road trip,1.66,Sports,shaun white snowboarding: road trip,78.0
shaun white snowboarding: world stage,0.3,Sports,shaun white snowboarding: world stage,72.0
sheep,0.02,Strategy,sheep,73.0
shellshock 2: blood trails,0.16999999999999998,Shooter,shellshock 2: blood trails,35.0
shellshock: nam '67,0.22,Shooter,shellshock: nam '67,55.333333333333336
shenmue i & ii,0.34,Action-Adventure,shenmue i & ii,74.33333333333333
shenmue ii,0.47,Adventure,shenmue ii,84.0
sherlock holmes and the mystery of osborne house,0.23,Adventure,sherlock holmes and the mystery of osborne house,48.0
sherlock holmes vs. jack the ripper,0.17,Adventure,sherlock holmes vs. jack the ripper,67.5
sherlock holmes: crimes & punishments,0.49,Adventure,sherlock holmes: crimes & punishments,73.66666666666667
sherlock holmes: nemesis,0.0,Adventure,sherlock holmes: nemesis,71.0
sherlock holmes: the awakened,0.0,Adventure,sherlock holmes: the awakened,72.0
sherlock holmes: the devil's daughter,0.12,Adventure,sherlock holmes: the devil's daughter,67.33333333333333
sherlock holmes: the mystery of the mummy,0.4,Adventure,sherlock holmes: the mystery of the mummy,61.0
shifters,0.05,Adventure,shifters,37.0
shifting world,0.03,Puzzle,shifting world,55.0
shin megami tensei iv: apocalypse,0.37,Role-Playing,shin megami tensei iv: apocalypse,84.0
shin megami tensei: devil survivor 2,0.31,Role-Playing,shin megami tensei: devil survivor 2,79.0
shin megami tensei: devil survivor 2 record breaker,0.13,Role-Playing,shin megami tensei: devil survivor 2 record breaker,84.0
shin megami tensei: devil survivor overclocked,0.47,Role-Playing,shin megami tensei: devil survivor overclocked,78.0
shin megami tensei: digital devil saga,0.13,Role-Playing,shin megami tensei: digital devil saga,78.0
shin megami tensei: digital devil saga 2,0.08,Role-Playing,shin megami tensei: digital devil saga 2,82.0
shin megami tensei: persona 3,0.45,Role-Playing,shin megami tensei: persona 3,86.0
shin megami tensei: persona 3 fes,0.63,Role-Playing,shin megami tensei: persona 3 fes,89.0
shin megami tensei: strange journey redux,0.2,Role-Playing,shin megami tensei: strange journey redux,80.0
shining force exa,0.1,Role-Playing,shining force exa,64.0
shining force neo,0.11,Role-Playing,shining force neo,69.0
shining force: resurrection of the dark dragon,0.08,Role-Playing,shining force: resurrection of the dark dragon,77.0
shining resonance refrain,0.2,Role-Playing,shining resonance refrain,68.5
shining soul,0.14,Role-Playing,shining soul,58.0
shining soul ii,0.08,Role-Playing,shining soul ii,74.0
shining tears,0.09,Role-Playing,shining tears,61.0
shinobi,1.19,Action,shinobi,70.0
shinobido 2: revenge of zen,0.16,Action,shinobido 2: revenge of zen,55.0
ship simulator 2006,0.0,Simulation,ship simulator 2006,59.0
ship simulator 2008,0.01,Simulation,ship simulator 2008,62.0
shiren the wanderer,0.19,Role-Playing,shiren the wanderer,71.0
shiren the wanderer: the tower of fortune and the dice of fate,0.06,Action,shiren the wanderer: the tower of fortune and the dice of fate,77.0
shogun: total war,0.01,Strategy,shogun: total war,84.0
showdown: legends of wrestling,0.42,Fighting,showdown: legends of wrestling,56.0
showtime championship boxing,0.12,Fighting,showtime championship boxing,35.0
shox,0.09,Racing,shox,78.0
shrek,0.36,Platform,shrek,49.0
shrek 2,3.43,Platform,shrek 2,68.0
shrek superslam,1.32,Action,shrek superslam,69.33333333333333
shrek the third,2.06,Action,shrek the third,62.333333333333336
shrek: hassle at the castle,0.66,Action,shrek: hassle at the castle,71.0
sid meier's civilization ii,0.0,Strategy,sid meier's civilization ii,94.0
sid meier's civilization iii,0.0,Strategy,sid meier's civilization iii,90.0
sid meier's civilization revolution,2.06,Strategy,sid meier's civilization revolution,83.0
sid meier's civilization vi,0.69,Strategy,sid meier's civilization vi,86.75
sid meier's civilization: beyond earth,0.4,Simulation,sid meier's civilization: beyond earth,81.0
sid meier's pirates!,0.5,Strategy,sid meier's pirates!,78.5
sid meier's railroads!,0.04,Simulation,sid meier's railroads!,77.0
sid meier's simgolf,0.0,Simulation,sid meier's simgolf,84.0
sigma star saga,0.05,Role-Playing,sigma star saga,68.0
silent hill 2: restless dreams,0.28,Action,silent hill 2: restless dreams,84.0
silent hill 3,0.0,Adventure,silent hill 3,78.5
silent hill 4: the room,0.69,Adventure,silent hill 4: the room,73.0
silent hill hd collection,0.51,Action,silent hill hd collection,69.5
silent hill: book of memories,0.25,Action,silent hill: book of memories,58.0
silent hill: downpour,0.79,Adventure,silent hill: downpour,66.0
silent hill: homecoming,0.8400000000000001,Action,silent hill: homecoming,68.33333333333333
silent hill: origins,0.5900000000000001,Action,silent hill: origins,74.0
silent hill: shattered memories,1.3699999999999999,Adventure,silent hill: shattered memories,76.33333333333333
silent hunter 5: battle of the atlantic,0.25,Simulation,silent hunter 5: battle of the atlantic,62.0
silent hunter ii,0.0,Simulation,silent hunter ii,71.0
silent hunter iii,0.08,Simulation,silent hunter iii,90.0
silent hunter: wolves of the pacific,0.04,Simulation,silent hunter: wolves of the pacific,79.0
silent scope,0.41000000000000003,Shooter,silent scope,63.0
silent scope 2: dark silhouette,0.19,Shooter,silent scope 2: dark silhouette,64.0
silent scope 3,0.16,Shooter,silent scope 3,61.0
silent scope complete,0.1,Shooter,silent scope complete,69.0
silhouette mirage,0.05,Platform,silhouette mirage,69.0
silpheed: the lost planet,0.07,Shooter,silpheed: the lost planet,72.0
simanimals,0.8300000000000001,Simulation,simanimals,64.0
simanimals africa,0.22,Simulation,simanimals africa,53.0
simcity 2000,4.24,Simulation,simcity 2000,62.0
simcity 3000 unlimited,0.01,Simulation,simcity 3000 unlimited,77.0
simcity 4,0.28,Simulation,simcity 4,84.0
simcity creator,0.8,Simulation,simcity creator,68.0
simcity ds,0.6,Simulation,simcity ds,69.0
simcity societies,0.02,Simulation,simcity societies,63.0
sine mora ex,0.14,Action,sine mora ex,77.0
sing party,0.3,Party,sing party,60.0
singstar '80s,1.3,Misc,singstar '80s,78.0
singstar '90s,0.87,Misc,singstar '90s,73.0
singstar abba,2.29,Misc,singstar abba,67.0
singstar amped,0.46,Misc,singstar amped,76.0
singstar celebration,0.23,Music,singstar celebration,65.0
singstar country,0.28,Misc,singstar country,75.0
singstar dance,0.52,Misc,singstar dance,65.0
singstar legends,1.1,Misc,singstar legends,76.0
singstar pop,1.44,Misc,singstar pop,73.0
singstar queen,1.07,Misc,singstar queen,73.5
singstar rocks!,1.1,Misc,singstar rocks!,69.0
singstar vol. 2,0.81,Misc,singstar vol. 2,76.0
singstar: ultimate party,0.28,Music,singstar: ultimate party,47.0
singularity,0.61,Shooter,singularity,76.33333333333333
sinking island,0.0,Adventure,sinking island,68.0
siren,0.18,Adventure,siren,72.0
siren: blood curse,0.28,Action-Adventure,siren: blood curse,78.0
six flags fun park,0.5800000000000001,Misc,six flags fun park,43.0
skate,1.08,Sports,skate,85.5
skate 2,1.9300000000000002,Sports,skate 2,84.0
skate 3,4.74,Sports,skate 3,80.0
skate it,0.75,Sports,skate it,71.0
skies of arcadia,0.09,Role-Playing,skies of arcadia,93.0
skies of arcadia legends,0.22,Role-Playing,skies of arcadia legends,84.0
skullgirls: 2nd encore,0.03,Fighting,skullgirls: 2nd encore,79.33333333333333
sky odyssey,0.32,Simulation,sky odyssey,79.0
skylanders giants,5.5200000000000005,Misc,skylanders giants,74.8
skylanders imaginators,1.95,Platform,skylanders imaginators,76.33333333333333
skylanders swap force,6.32,Platform,skylanders swap force,80.4
skylanders: spyro's adventure,5.38,Action,skylanders: spyro's adventure,79.5
sled storm,2.0700000000000003,Racing,sled storm,73.0
sleeping dogs,1.9100000000000001,Action-Adventure,sleeping dogs,81.0
sleeping dogs: definitive edition,0.64,Action,sleeping dogs: definitive edition,76.0
slime rancher,0.2,Simulation,slime rancher,81.0
sly 2: band of thieves,1.8800000000000001,Platform,sly 2: band of thieves,88.0
sly 3: honor among thieves,0.83,Platform,sly 3: honor among thieves,83.0
sly cooper and the thievius raccoonus,1.21,Platform,sly cooper and the thievius raccoonus,86.0
sly cooper: thieves in time,0.85,Platform,sly cooper: thieves in time,75.0
smart bomb,0.08,Puzzle,smart bomb,45.0
smarty pants,1.43,Misc,smarty pants,65.0
smash cars,0.11,Racing,smash cars,64.0
smash court tennis 3,0.16,Sports,smash court tennis 3,61.5
smash court tennis pro tournament,0.17,Sports,smash court tennis pro tournament,73.0
smash court tennis pro tournament 2,0.13,Sports,smash court tennis pro tournament 2,74.0
smashing drive,0.14,Racing,smashing drive,44.5
smuggler's run,1.57,Racing,smuggler's run,79.0
smuggler's run: warzones,0.08,Misc,smuggler's run: warzones,79.0
sneakers,0.1,Puzzle,sneakers,28.0
sniper elite,0.41,Shooter,sniper elite,76.33333333333333
sniper elite 4,0.8500000000000001,Shooter,sniper elite 4,78.75
sniper elite iii,1.82,Shooter,sniper elite iii,67.0
sniper elite v2,1.8399999999999999,Shooter,sniper elite v2,67.66666666666667
sniper: art of victory,0.49,Shooter,sniper: art of victory,36.0
sniper: ghost warrior,1.9899999999999998,Shooter,sniper: ghost warrior,51.0
sniper: ghost warrior 2,0.54,Shooter,sniper: ghost warrior 2,52.0
sniper: ghost warrior 3,0.54,Shooter,sniper: ghost warrior 3,57.0
"snipperclips plus: cut it out, together!",0.12,Puzzle,"snipperclips plus: cut it out, together!",84.0
snk 40th anniversary collection,0.03,Misc,snk 40th anniversary collection,78.0
snk arcade classics vol. 1,0.41000000000000003,Misc,snk arcade classics vol. 1,70.0
snk vs. capcom card fighters ds,0.1,Strategy,snk vs. capcom card fighters ds,48.0
snocross championship racing,0.93,Racing,snocross championship racing,66.0
socom 3: u.s. navy seals,1.69,Shooter,socom 3: u.s. navy seals,82.0
socom 4: u.s. navy seals,0.9,Shooter,socom 4: u.s. navy seals,67.0
socom: u.s. navy seals,3.65,Shooter,socom: u.s. navy seals,82.0
socom: u.s. navy seals confrontation,1.26,Shooter,socom: u.s. navy seals confrontation,63.0
socom: u.s. navy seals fireteam bravo,1.12,Shooter,socom: u.s. navy seals fireteam bravo,82.0
socom: u.s. navy seals fireteam bravo 2,1.05,Shooter,socom: u.s. navy seals fireteam bravo 2,81.0
socom: u.s. navy seals fireteam bravo 3,0.45,Shooter,socom: u.s. navy seals fireteam bravo 3,74.0
socom: u.s. navy seals: combined assault,2.04,Shooter,socom: u.s. navy seals: combined assault,72.0
solatorobo: red the hunter,0.2,Role-Playing,solatorobo: red the hunter,76.0
soldier of fortune ii: double helix,0.23,Shooter,soldier of fortune ii: double helix,70.5
soldier of fortune: gold edition,0.56,Shooter,soldier of fortune: gold edition,59.0
soldier of fortune: payback,0.35,Shooter,soldier of fortune: payback,48.333333333333336
song of the deep,0.35,Action,song of the deep,68.66666666666667
sonic & all-stars racing transformed,0.0,Racing,sonic & all-stars racing transformed,76.0
sonic & knuckles,1.82,Platform,sonic & knuckles,69.0
sonic & sega all-stars racing,3.46,Racing,sonic & sega all-stars racing,77.66666666666667
sonic & sega all-stars racing with banjo-kazooie,0.77,Racing,sonic & sega all-stars racing with banjo-kazooie,75.0
sonic advance,2.24,Platform,sonic advance,87.0
sonic advance 2,1.8,Platform,sonic advance 2,83.0
sonic advance 3,1.4,Platform,sonic advance 3,79.0
sonic adventure,2.42,Platform,sonic adventure,49.0
sonic adventure 2,0.12,Platform,sonic adventure 2,74.5
sonic boom: fire & ice,0.25,Platform,sonic boom: fire & ice,62.0
sonic boom: rise of lyric,0.31,Action-Adventure,sonic boom: rise of lyric,32.0
sonic boom: shattered crystal,0.29,Platform,sonic boom: shattered crystal,47.0
sonic chronicles: the dark brotherhood,0.88,Role-Playing,sonic chronicles: the dark brotherhood,74.0
sonic classic collection,1.86,Platform,sonic classic collection,70.0
sonic forces,1.59,Platform,sonic forces,58.0
sonic free riders,1.1,Racing,sonic free riders,47.0
sonic gems collection,0.42,Misc,sonic gems collection,64.0
sonic generations,4.15,Platform,sonic generations,74.0
sonic heroes,0.9,Platform,sonic heroes,68.75
sonic mania,0.9099999999999999,Platform,sonic mania,85.0
sonic mega collection plus,0.92,Misc,sonic mega collection plus,74.0
sonic riders,1.05,Racing,sonic riders,56.666666666666664
sonic riders: zero gravity,1.09,Racing,sonic riders: zero gravity,56.0
sonic rivals,1.44,Racing,sonic rivals,64.0
sonic rivals 2,1.52,Racing,sonic rivals 2,60.0
sonic the hedgehog 2,0.04,Platform,sonic the hedgehog 2,82.0
sonic unleashed,2.74,Platform,sonic unleashed,60.0
sonic's ultimate genesis collection,3.84,Misc,sonic's ultimate genesis collection,79.5
sorcery,0.3,Action-Adventure,sorcery,70.0
soul bubbles,0.08,Puzzle,soul bubbles,78.0
soul nomad & the world eaters,0.28,Role-Playing,soul nomad & the world eaters,73.0
soul reaver 2,0.55,Adventure,soul reaver 2,80.0
soul sacrifice,0.56,Misc,soul sacrifice,77.0
soul sacrifice delta,0.23,Role-Playing,soul sacrifice delta,82.0
soulcalibur ii,2.5,Fighting,soulcalibur ii,92.33333333333333
soulcalibur legends,0.18,Action,soulcalibur legends,52.0
soulcalibur v,0.59,Fighting,soulcalibur v,79.0
soulcalibur vi,0.3,Fighting,soulcalibur vi,82.66666666666667
soulcalibur: broken destiny,0.51,Fighting,soulcalibur: broken destiny,80.0
south park: the fractured but whole,2.19,Role-Playing,south park: the fractured but whole,81.0
south park: the stick of truth,2.17,Role-Playing,south park: the stick of truth,84.0
space bust-a-move,0.13,Puzzle,space bust-a-move,71.0
space channel 5 special edition,0.08,Misc,space channel 5 special edition,79.0
space channel 5: ulala's cosmic attack,0.02,Misc,space channel 5: ulala's cosmic attack,55.0
space chimps,0.38,Platform,space chimps,57.0
space colony,0.0,Strategy,space colony,75.0
space hulk,0.01,Strategy,space hulk,58.0
space hulk: deathwing,0.02,Shooter,space hulk: deathwing,56.5
space invaders extreme,0.24,Shooter,space invaders extreme,82.0
space invaders extreme 2,0.19,Shooter,space invaders extreme 2,82.0
space invaders revolution,0.01,Shooter,space invaders revolution,49.0
space raiders,0.01,Shooter,space raiders,40.0
space siege,0.0,Role-Playing,space siege,60.0
space station silicon valley,0.15,Adventure,space station silicon valley,83.0
spartan: total warrior,0.42000000000000004,Action,spartan: total warrior,73.33333333333333
spawn: armageddon,0.68,Action,spawn: armageddon,58.0
spec ops: the line,1.2,Shooter,spec ops: the line,76.33333333333333
special forces: nemesis strike,0.03,Shooter,special forces: nemesis strike,60.0
spectral force 3,0.09,Role-Playing,spectral force 3,59.0
spectral force genesis,0.09,Role-Playing,spectral force genesis,46.0
spectral souls: resurrection of the ethereal empires,0.03,Role-Playing,spectral souls: resurrection of the ethereal empires,47.0
spectrobes,0.75,Role-Playing,spectrobes,63.0
spectrobes: beyond the portals,0.52,Role-Playing,spectrobes: beyond the portals,70.0
spectrobes: origins,0.19,Role-Playing,spectrobes: origins,71.0
speed kings,0.16,Racing,speed kings,60.0
speed racer,0.07,Racing,speed racer,72.0
speed zone,0.07,Racing,speed zone,37.0
spellforce 2: shadow wars,0.0,Strategy,spellforce 2: shadow wars,80.0
sphinx and the cursed mummy,0.71,Adventure,sphinx and the cursed mummy,74.25
spider-man,4.59,Action,spider-man,76.75
spider-man 2,7.63,Action,spider-man 2,72.66666666666667
spider-man 2: enter: electro,1.55,Action,spider-man 2: enter: electro,74.0
spider-man 3,3.41,Platform,spider-man 3,59.857142857142854
spider-man: battle for new york,0.13,Platform,spider-man: battle for new york,68.0
spider-man: edge of time,0.8300000000000001,Action,spider-man: edge of time,56.666666666666664
spider-man: friend or foe,1.46,Action,spider-man: friend or foe,58.5
spider-man: mysterio's menace,0.61,Action,spider-man: mysterio's menace,84.0
spider-man: shattered dimensions,1.23,Action,spider-man: shattered dimensions,73.2
spider-man: the movie,8.4,Action,spider-man: the movie,76.5
spider-man: web of shadows,1.24,Action,spider-man: web of shadows,65.4
spikeout: battle street,0.0,Action,spikeout: battle street,54.0
spintires: mudrunner,0.43000000000000005,Simulation,spintires: mudrunner,74.5
spirit camera: the cursed memoir,0.25,Action-Adventure,spirit camera: the cursed memoir,54.0
spirits & spells,0.03,Platform,spirits & spells,50.0
spitfire heroes: tales of the royal air force,0.05,Simulation,spitfire heroes: tales of the royal air force,49.0
splashdown,0.8099999999999999,Racing,splashdown,81.0
splashdown: rides gone wild,0.5,Racing,splashdown: rides gone wild,80.0
splat renegade paintball,0.06,Sports,splat renegade paintball,44.5
splatterhouse,0.33999999999999997,Action,splatterhouse,60.5
split/second,1.5,Racing,split/second,77.0
spongebob squarepants: battle for bikini bottom,4.42,Platform,spongebob squarepants: battle for bikini bottom,70.66666666666667
spongebob squarepants: creature from the krusty krab,1.31,Platform,spongebob squarepants: creature from the krusty krab,56.333333333333336
"spongebob squarepants: lights, camera, pants!",1.65,Misc,"spongebob squarepants: lights, camera, pants!",59.0
spongebob squarepants: the yellow avenger,1.26,Action,spongebob squarepants: the yellow avenger,48.0
spongebob squigglepants,0.41,Misc,spongebob squigglepants,59.0
spongebob squigglepants 3d,0.19,Misc,spongebob squigglepants 3d,64.0
spore,1.16,Strategy,spore,84.0
spore creatures,1.07,Simulation,spore creatures,65.0
spore galactic adventures,0.01,Strategy,spore galactic adventures,70.0
spore hero,0.4,Simulation,spore hero,61.0
spore hero arena,0.19,Simulation,spore hero arena,49.0
sports champions,3.88,Sports,sports champions,76.0
sports champions 2,0.0,Sports,sports champions 2,69.0
spray,0.04,Action,spray,42.0
spy fiction,0.04,Action,spy fiction,61.0
spy hunter,2.21,Racing,spy hunter,68.2
spy hunter 2,0.62,Racing,spy hunter 2,57.0
spy hunter: nowhere to run,0.03,Racing,spy hunter: nowhere to run,51.0
spyborgs,0.11,Action,spyborgs,66.0
spyro 2: season of flame,1.58,Platform,spyro 2: season of flame,76.0
spyro orange: the cortex conspiracy,0.57,Action,spyro orange: the cortex conspiracy,60.0
spyro reignited trilogy,2.82,Platform,spyro reignited trilogy,81.33333333333333
spyro: a hero's tail,1.07,Platform,spyro: a hero's tail,62.0
spyro: attack of the rhynocs,0.3,Platform,spyro: attack of the rhynocs,72.0
spyro: enter the dragonfly,2.6799999999999997,Platform,spyro: enter the dragonfly,52.0
spyro: season of ice,2.23,Platform,spyro: season of ice,74.0
spyro: shadow legacy,0.16,Action,spyro: shadow legacy,50.0
squeeballs party,0.37,Puzzle,squeeballs party,59.0
ssx,3.29,Sports,ssx,85.33333333333333
ssx 3,2.56,Sports,ssx 3,85.0
ssx blur,0.33,Sports,ssx blur,74.0
ssx on tour,1.06,Sports,ssx on tour,80.0
ssx tricky,2.89,Sports,ssx tricky,83.25
stacked with daniel negreanu,0.13,Misc,stacked with daniel negreanu,60.25
stake: fortune fighters,0.02,Fighting,stake: fortune fighters,26.0
star fox command,0.53,Shooter,star fox command,76.0
star fox guard,0.0,Strategy,star fox guard,74.0
star fox: assault,1.08,Shooter,star fox: assault,67.0
star ocean: first departure,0.65,Role-Playing,star ocean: first departure,74.0
star ocean: second evolution,0.34,Role-Playing,star ocean: second evolution,75.0
star ocean: the last hope international,0.73,Role-Playing,star ocean: the last hope international,74.0
star trek online,0.02,Role-Playing,star trek online,66.0
star trek: conquest,0.22999999999999998,Strategy,star trek: conquest,51.5
star trek: invasion,0.26,Simulation,star trek: invasion,76.0
star trek: legacy,0.19999999999999998,Simulation,star trek: legacy,60.0
star trek: shattered universe,0.14,Simulation,star trek: shattered universe,41.5
star trek: tactical assault,0.09,Strategy,star trek: tactical assault,63.5
star trek: voyager elite force,0.15,Shooter,star trek: voyager elite force,69.0
star wars battlefront,5.6,Shooter,star wars battlefront,73.33333333333333
star wars battlefront ii,6.66,Shooter,star wars battlefront ii,66.33333333333333
star wars battlefront: elite squadron,1.26,Shooter,star wars battlefront: elite squadron,62.0
star wars battlefront: renegade squadron,1.68,Shooter,star wars battlefront: renegade squadron,73.0
star wars episode ii: attack of the clones,0.77,Action,star wars episode ii: attack of the clones,38.0
star wars episode iii: revenge of the sith,5.59,Action,star wars episode iii: revenge of the sith,66.75
star wars galaxies: jump to lightspeed,0.0,Role-Playing,star wars galaxies: jump to lightspeed,77.0
star wars jedi knight ii: jedi outcast,0.54,Shooter,star wars jedi knight ii: jedi outcast,77.25
star wars jedi knight: jedi academy,0.48,Shooter,star wars jedi knight: jedi academy,75.0
star wars rogue leader: rogue squadron ii,1.9,Simulation,star wars rogue leader: rogue squadron ii,90.0
star wars rogue squadron iii: rebel strike,0.8,Simulation,star wars rogue squadron iii: rebel strike,75.0
star wars starfighter: special edition,0.42,Simulation,star wars starfighter: special edition,76.0
star wars the clone wars: jedi alliance,0.78,Action,star wars the clone wars: jedi alliance,68.0
star wars the clone wars: lightsaber duels,1.65,Action,star wars the clone wars: lightsaber duels,56.0
star wars the clone wars: republic heroes,2.72,Action,star wars the clone wars: republic heroes,45.0
star wars trilogy: apprentice of the force,0.42,Action,star wars trilogy: apprentice of the force,60.0
star wars: bounty hunter,1.35,Shooter,star wars: bounty hunter,65.0
star wars: demolition,0.46,Racing,star wars: demolition,65.0
star wars: empire at war,0.08,Strategy,star wars: empire at war,79.0
star wars: flight of the falcon,0.35,Action,star wars: flight of the falcon,39.0
star wars: jedi power battles,0.14,Action,star wars: jedi power battles,58.0
star wars: jedi starfighter,0.94,Simulation,star wars: jedi starfighter,79.5
star wars: knights of the old republic,2.33,Role-Playing,star wars: knights of the old republic,93.5
star wars: lethal alliance,0.23,Adventure,star wars: lethal alliance,59.0
star wars: obi-wan,0.7,Action,star wars: obi-wan,58.0
star wars: republic commando,0.7200000000000001,Shooter,star wars: republic commando,68.66666666666667
star wars: starfighter,1.76,Simulation,star wars: starfighter,77.5
star wars: super bombad racing,0.16,Racing,star wars: super bombad racing,71.0
star wars: the force unleashed,10.07,Action,star wars: the force unleashed,69.0
star wars: the force unleashed - ultimate sith edition,0.0,Action,star wars: the force unleashed - ultimate sith edition,65.0
star wars: the force unleashed ii,3.98,Action,star wars: the force unleashed ii,63.5
star x,0.04,Shooter,star x,60.0
starblood arena,0.05,Shooter,starblood arena,68.0
starcraft 64,0.16,Strategy,starcraft 64,80.0
starcraft ii: legacy of the void,0.57,Strategy,starcraft ii: legacy of the void,88.0
stardew valley,0.13,Simulation,stardew valley,87.75
starhawk,0.32,Shooter,starhawk,77.0
starlink: battle for atlas,0.77,Action-Adventure,starlink: battle for atlas,74.0
starship troopers,0.02,Shooter,starship troopers,46.0
starsky & hutch,1.29,Racing,starsky & hutch,59.0
start the party!,0.62,Misc,start the party!,55.0
start the party! save the world,0.1,Misc,start the party! save the world,50.0
startopia,0.0,Simulation,startopia,86.0
state of decay 2,0.46,Action-Adventure,state of decay 2,67.5
state of decay: year one survival edition,0.21,Action-Adventure,state of decay: year one survival edition,72.0
state of emergency,1.93,Action,state of emergency,69.0
state of emergency 2,0.08,Shooter,state of emergency 2,44.0
steal princess,0.02,Platform,steal princess,60.0
steambot chronicles,0.04,Role-Playing,steambot chronicles,74.0
steambot chronicles: battle tournament,0.07,Fighting,steambot chronicles: battle tournament,54.0
steamworld dig 2,0.03,Platform,steamworld dig 2,86.5
steel battalion,0.1,Simulation,steel battalion,83.0
steel battalion: heavy armor,0.13,Simulation,steel battalion: heavy armor,38.0
steel battalion: line of contact,0.02,Simulation,steel battalion: line of contact,70.0
steel diver,0.5,Action,steel diver,58.0
steel horizon,0.02,Strategy,steel horizon,42.0
steel soldiers,0.0,Strategy,steel soldiers,70.0
steep,1.49,Sports,steep,71.66666666666667
steins;gate,0.41000000000000003,Visual Novel,steins;gate,84.33333333333333
steins;gate 0,0.25,Adventure,steins;gate 0,81.33333333333333
steins;gate elite,0.06,Visual Novel,steins;gate elite,85.5
stella deus: the gate of eternity,0.08,Strategy,stella deus: the gate of eternity,75.0
stella glow,0.26,Role-Playing,stella glow,79.0
still life,0.07,Adventure,still life,72.5
still life 2,0.02,Adventure,still life 2,67.0
stoked,0.21,Sports,stoked,68.0
stoked: big air edition,0.04,Sports,stoked: big air edition,72.0
stolen,0.05,Action,stolen,50.5
storm: frontline nation,0.01,Strategy,storm: frontline nation,60.0
stormrise,0.34,Strategy,stormrise,47.0
story of seasons,0.44,Misc,story of seasons,76.0
story of seasons: trio of towns,0.49,Simulation,story of seasons: trio of towns,74.0
strange brigade,0.14,Shooter,strange brigade,72.0
stranger of sword city,0.06999999999999999,Role-Playing,stranger of sword city,70.5
stranglehold,1.13,Shooter,stranglehold,77.0
street fighter alpha 3,0.15,Fighting,street fighter alpha 3,88.0
street fighter alpha 3 max,0.33,Fighting,street fighter alpha 3 max,80.0
street fighter alpha anthology,0.24,Fighting,street fighter alpha anthology,79.0
street fighter anniversary collection,0.81,Fighting,street fighter anniversary collection,78.5
street fighter ex3,0.85,Fighting,street fighter ex3,64.0
street fighter iv,7.2700000000000005,Fighting,street fighter iv,92.66666666666667
street fighter v,1.46,Fighting,street fighter v,75.5
street fighter x tekken,1.55,Fighting,street fighter x tekken,81.25
street hoops,1.31,Sports,street hoops,58.666666666666664
street jam basketball,0.03,Sports,street jam basketball,35.0
street supremacy,0.03,Racing,street supremacy,41.0
stretch panic,0.05,Platform,stretch panic,65.0
strider 2,0.08,Platform,strider 2,69.0
strike force bowling,0.72,Sports,strike force bowling,51.0
stronghold 3,0.19,Strategy,stronghold 3,47.0
stuart little 2,0.46,Platform,stuart little 2,60.5
stubbs the zombie in rebel without a pulse,0.11,Action,stubbs the zombie in rebel without a pulse,67.0
stunt gp,0.05,Racing,stunt gp,49.0
stuntman,1.59,Racing,stuntman,74.0
stuntman ignition,0.0,Racing,stuntman ignition,71.0
stuntman: ignition,1.4300000000000002,Racing,stuntman: ignition,75.5
style savvy: styling star,0.45,Simulation,style savvy: styling star,80.0
styx: shards of darkness,0.13,Action,styx: shards of darkness,72.0
sub rebellion,0.08,Simulation,sub rebellion,71.0
subnautica,0.19,Adventure,subnautica,82.66666666666667
sudden strike,0.0,Strategy,sudden strike,69.0
sudden strike 4,0.12000000000000001,Strategy,sudden strike 4,66.5
sudeki,0.19,Role-Playing,sudeki,72.0
sudoku gridmaster,0.17,Puzzle,sudoku gridmaster,62.0
suikoden ii,0.68,Role-Playing,suikoden ii,82.0
suikoden iii,0.98,Role-Playing,suikoden iii,86.0
suikoden iv,0.66,Role-Playing,suikoden iv,63.0
suikoden tactics,0.2,Strategy,suikoden tactics,68.0
suikoden tierkreis,0.27,Role-Playing,suikoden tierkreis,76.0
suikoden v,0.35,Role-Playing,suikoden v,76.0
summer athletics: the ultimate challenge,0.21,Sports,summer athletics: the ultimate challenge,52.0
summer heat beach volleyball,0.28,Sports,summer heat beach volleyball,65.0
summer sports: paradise island,0.54,Sports,summer sports: paradise island,46.0
summon night 6: lost borders,0.18,Role-Playing,summon night 6: lost borders,71.0
summon night: swordcraft story,0.02,Role-Playing,summon night: swordcraft story,77.0
summon night: twin age,0.13,Role-Playing,summon night: twin age,73.0
summoner,0.51,Role-Playing,summoner,76.0
summoner 2,0.21,Role-Playing,summoner 2,76.0
summoner: a goddess reborn,0.05,Role-Playing,summoner: a goddess reborn,72.0
sunny garcia surfing,0.03,Sports,sunny garcia surfing,61.0
sunset overdrive,1.16,Action,sunset overdrive,81.0
super army war,0.04,Action,super army war,58.0
super bomberman r,0.96,Puzzle,super bomberman r,64.0
super bubble pop,0.060000000000000005,Puzzle,super bubble pop,54.0
super bust-a-move,0.39,Puzzle,super bust-a-move,76.0
super dodge ball advance,0.2,Sports,super dodge ball advance,79.0
super dodgeball brawlers,0.14,Sports,super dodgeball brawlers,65.0
super dungeon bros,0.03,Action,super dungeon bros,48.0
super ghouls 'n ghosts,0.07,Platform,super ghouls 'n ghosts,78.0
super lucky's tale,0.22,Platform,super lucky's tale,64.0
super meat boy,0.01,Platform,super meat boy,86.5
super monkey ball,1.46,Puzzle,super monkey ball,87.0
super monkey ball 2,1.52,Puzzle,super monkey ball 2,87.0
super monkey ball 3d,0.5,Action,super monkey ball 3d,55.0
super monkey ball adventure,0.26,Platform,super monkey ball adventure,53.333333333333336
super monkey ball deluxe,0.39,Misc,super monkey ball deluxe,79.5
super monkey ball jr.,0.72,Puzzle,super monkey ball jr.,82.0
super monkey ball: banana splitz,0.0,Misc,super monkey ball: banana splitz,66.0
super monkey ball: step & roll,0.39,Action,super monkey ball: step & roll,59.0
super neptunia rpg,0.01,Role-Playing,super neptunia rpg,61.0
super puzzle fighter ii,0.09,Puzzle,super puzzle fighter ii,83.0
super puzzle fighter ii turbo,0.14,Puzzle,super puzzle fighter ii turbo,83.0
super robot taisen og saga: endless frontier,0.08,Role-Playing,super robot taisen og saga: endless frontier,73.0
super robot taisen: original generation,0.01,Role-Playing,super robot taisen: original generation,72.0
super scribblenauts,1.47,Puzzle,super scribblenauts,81.0
super smash bros.,0.0,Fighting,super smash bros.,79.0
super stardust ultra vr,0.02,Shooter,super stardust ultra vr,66.0
super street fighter ii: turbo revival,0.25,Fighting,super street fighter ii: turbo revival,84.0
super street fighter iv: arcade edition,0.08,Fighting,super street fighter iv: arcade edition,80.66666666666667
super swing golf,0.22,Sports,super swing golf,72.0
super swing golf season 2,0.11,Sports,super swing golf season 2,70.0
super trucks racing,0.71,Racing,super trucks racing,66.0
superbeat: xonic,0.05,Music,superbeat: xonic,77.5
supercar street challenge,1.12,Racing,supercar street challenge,51.0
superdimension neptune vs sega hard girls,0.03,Role-Playing,superdimension neptune vs sega hard girls,72.0
superman returns,0.33,Action,superman returns,45.0
superman: shadow of apokolips,0.5,Action,superman: shadow of apokolips,65.0
superman: the man of steel,0.13,Action,superman: the man of steel,44.0
superpower 2,0.0,Strategy,superpower 2,51.0
superstars v8 racing,0.05,Racing,superstars v8 racing,66.0
supremacy mma,0.31,Fighting,supremacy mma,48.0
supreme commander,0.13,Strategy,supreme commander,71.0
supreme commander 2,0.34,Strategy,supreme commander 2,76.0
supreme commander: forged alliance,0.04,Strategy,supreme commander: forged alliance,81.0
supreme ruler: cold war,0.03,Strategy,supreme ruler: cold war,63.0
surf's up,1.0,Sports,surf's up,61.333333333333336
surfing h3o,0.25,Sports,surfing h3o,46.0
surviving mars,0.09,Simulation,surviving mars,75.0
sushi striker: the way of sushido,0.11000000000000001,Puzzle,sushi striker: the way of sushido,76.0
suzuki tt superbikes,0.4,Racing,suzuki tt superbikes,71.0
svc chaos: snk vs. capcom,0.1,Fighting,svc chaos: snk vs. capcom,57.0
swat 4,0.02,Shooter,swat 4,85.0
swat 4: the stetchkov syndicate,0.0,Shooter,swat 4: the stetchkov syndicate,80.0
swat: global strike team,0.49,Shooter,swat: global strike team,69.0
swat: target liberty,0.04,Shooter,swat: target liberty,50.0
swing away golf,0.52,Sports,swing away golf,78.0
swingerz golf,0.08,Sports,swingerz golf,72.0
sword art online: fatal bullet,0.39,Role-Playing,sword art online: fatal bullet,65.66666666666667
sword art online: hollow fragment,0.12,Role-Playing,sword art online: hollow fragment,67.0
sword art online: hollow realization,0.6699999999999999,Role-Playing,sword art online: hollow realization,69.0
sword art online: lost song,0.88,Role-Playing,sword art online: lost song,63.0
sx superstar,0.07,Racing,sx superstar,53.0
syberia,0.28,Adventure,syberia,66.4
syberia ii,0.05,Adventure,syberia ii,75.5
sydney 2000,0.27,Sports,sydney 2000,53.666666666666664
syndicate,0.39,Shooter,syndicate,74.5
syphon filter 3,0.52,Shooter,syphon filter 3,73.0
syphon filter: dark mirror,0.5800000000000001,Shooter,syphon filter: dark mirror,78.5
syphon filter: logan's shadow,0.52,Shooter,syphon filter: logan's shadow,85.0
syphon filter: the omega strain,0.76,Shooter,syphon filter: the omega strain,65.0
system shock 2,0.0,Role-Playing,system shock 2,92.0
tactical ops: assault on terror,0.0,Shooter,tactical ops: assault on terror,57.0
tactics ogre: let us cling together,1.25,Role-Playing,tactics ogre: let us cling together,87.0
tactics ogre: the knight of lodis,0.5,Role-Playing,tactics ogre: the knight of lodis,88.0
taiko drum master,0.2,Misc,taiko drum master,77.0
taiko no tatsujin: drum session!,0.09,Music,taiko no tatsujin: drum session!,70.0
taito legends,0.16,Misc,taito legends,72.33333333333333
taito legends 2,0.02,Misc,taito legends 2,67.0
tak 2: the staff of dreams,1.54,Platform,tak 2: the staff of dreams,73.0
tak and the power of juju,2.1,Platform,tak and the power of juju,72.66666666666667
tak: the great juju challenge,0.48,Platform,tak: the great juju challenge,72.5
take on helicopters,0.03,Simulation,take on helicopters,70.0
tales of berseria,0.13,Role-Playing,tales of berseria,79.5
tales of destiny ii,0.81,Role-Playing,tales of destiny ii,78.0
tales of graces f,0.99,Role-Playing,tales of graces f,77.0
tales of hearts r,0.38,Role-Playing,tales of hearts r,76.0
tales of symphonia chronicles,0.54,Misc,tales of symphonia chronicles,77.0
tales of vesperia,1.2,Role-Playing,tales of vesperia,79.0
tales of zestiria,0.45,Role-Playing,tales of zestiria,72.0
tamagotchi party on!,0.19,Misc,tamagotchi party on!,37.0
tang tang,0.0,Action,tang tang,56.0
tank beat,0.03,Strategy,tank beat,40.0
tank! tank! tank!,0.07,Misc,tank! tank! tank!,45.0
tao feng: fist of the lotus,0.27,Fighting,tao feng: fist of the lotus,65.0
target: terror,0.07,Shooter,target: terror,33.0
tarr chronicles,0.0,Shooter,tarr chronicles,60.0
tatsunoko vs. capcom: ultimate all-stars,0.54,Fighting,tatsunoko vs. capcom: ultimate all-stars,85.0
taz wanted,0.31,Platform,taz wanted,63.5
team fortress 2,0.0,Shooter,team fortress 2,92.0
tearaway,0.65,Platform,tearaway,87.0
tearaway unfolded,0.24,Platform,tearaway unfolded,81.0
tears to tiara ii: heir of the overlord,0.15,Visual Novel,tears to tiara ii: heir of the overlord,65.0
technic beat,0.02,Misc,technic beat,67.0
tecmo bowl: kickoff,0.11,Sports,tecmo bowl: kickoff,66.0
tecmo classic arcade,0.06,Misc,tecmo classic arcade,55.0
teen titans,0.75,Action,teen titans,60.0
teenage mutant ninja turtles,6.67,Platform,teenage mutant ninja turtles,62.333333333333336
teenage mutant ninja turtles 2: battle nexus,1.08,Action,teenage mutant ninja turtles 2: battle nexus,52.25
teenage mutant ninja turtles 3: mutant nightmare,0.42,Action,teenage mutant ninja turtles 3: mutant nightmare,56.0
teenage mutant ninja turtles: arcade attack,0.13,Action,teenage mutant ninja turtles: arcade attack,36.0
teenage mutant ninja turtles: mutants in manhattan,0.38,Action,teenage mutant ninja turtles: mutants in manhattan,49.5
teenage mutant ninja turtles: out of the shadows,0.01,Misc,teenage mutant ninja turtles: out of the shadows,38.0
teenage mutant ninja turtles: smash-up,0.5599999999999999,Fighting,teenage mutant ninja turtles: smash-up,67.0
teenage zombies: invasion of the alien brain thingys,0.04,Adventure,teenage zombies: invasion of the alien brain thingys,67.0
tekken 2,5.74,Fighting,tekken 2,89.0
tekken 4,3.44,Fighting,tekken 4,79.0
tekken 7,0.01,Fighting,tekken 7,81.66666666666667
tekken advance,0.45,Fighting,tekken advance,82.0
tekken hybrid,0.36,Fighting,tekken hybrid,65.0
tekken tag tournament,4.05,Fighting,tekken tag tournament,85.0
tekken tag tournament 2,0.53,Fighting,tekken tag tournament 2,82.5
tempest 4000,0.02,Shooter,tempest 4000,75.0
tenchu 2: birth of the stealth assassins,0.58,Action,tenchu 2: birth of the stealth assassins,77.0
tenchu z,0.34,Action,tenchu z,56.0
tenchu: dark secret,0.05,Action,tenchu: dark secret,37.0
tenchu: fatal shadows,0.19,Action,tenchu: fatal shadows,58.0
tenchu: return from darkness,0.21,Action,tenchu: return from darkness,70.0
tenchu: shadow assassins,0.32999999999999996,Action,tenchu: shadow assassins,69.0
tenchu: stealth assassins,1.99,Action,tenchu: stealth assassins,87.0
tenchu: wrath of heaven,1.14,Action,tenchu: wrath of heaven,79.0
tenkai knights: brave battle,0.02,Action,tenkai knights: brave battle,26.0
tennis masters series 2003,0.04,Sports,tennis masters series 2003,67.0
tennis world tour,0.1,Sports,tennis world tour,43.5
tera,0.42,Role-Playing,tera,77.0
terminator 3: rise of the machines,0.78,Action,terminator 3: rise of the machines,41.0
terminator 3: the redemption,0.25,Shooter,terminator 3: the redemption,67.33333333333333
terminator salvation,0.88,Shooter,terminator salvation,46.666666666666664
terraria,0.8200000000000001,Action-Adventure,terraria,82.4
teslagrad,0.01,Platform,teslagrad,78.75
test drive,1.76,Racing,test drive,72.0
test drive le mans,0.05,Racing,test drive le mans,93.0
test drive off-road wide open,0.18,Racing,test drive off-road wide open,67.0
test drive unlimited,0.85,Racing,test drive unlimited,79.0
test drive unlimited 2,1.5,Racing,test drive unlimited 2,70.0
test drive: eve of destruction,0.32,Racing,test drive: eve of destruction,72.5
tetris axis,0.44,Puzzle,tetris axis,74.0
tetris effect,0.25,Puzzle,tetris effect,89.5
tetris evolution,0.11,Puzzle,tetris evolution,52.0
tetris party deluxe,1.33,Puzzle,tetris party deluxe,74.0
tetris ultimate,0.01,Puzzle,tetris ultimate,63.5
tetris worlds,4.01,Puzzle,tetris worlds,52.25
tetris worlds (online edition),0.2,Puzzle,tetris worlds (online edition),62.0
texas hold 'em poker,0.61,Misc,texas hold 'em poker,49.0
that's you!,0.04,Party,that's you!,70.0
the 3rd birthday,0.52,Role-Playing,the 3rd birthday,71.0
the adventures of cookie & cream,0.18,Puzzle,the adventures of cookie & cream,78.0
the adventures of darwin,0.04,Strategy,the adventures of darwin,53.0
the adventures of jimmy neutron boy genius: attack of the twonkies,1.28,Adventure,the adventures of jimmy neutron boy genius: attack of the twonkies,65.0
the adventures of tintin: the game,1.0,Adventure,the adventures of tintin: the game,59.333333333333336
the alliance alive,0.11,Role-Playing,the alliance alive,74.0
the ant bully,0.35,Platform,the ant bully,48.75
the bard's tale,0.31,Role-Playing,the bard's tale,73.66666666666667
the beatles: rock band,4.140000000000001,Misc,the beatles: rock band,88.66666666666667
the biggest loser: ultimate workout,0.9,Sports,the biggest loser: ultimate workout,68.0
the bigs,1.42,Sports,the bigs,73.5
the bigs 2,0.98,Sports,the bigs 2,78.0
the black eyed peas experience,0.94,Misc,the black eyed peas experience,66.0
the book of unwritten tales,0.1,Adventure,the book of unwritten tales,82.0
the book of unwritten tales 2,0.09000000000000001,Adventure,the book of unwritten tales 2,74.75
the bouncer,0.99,Action,the bouncer,66.0
the bureau: xcom declassified,0.54,Shooter,the bureau: xcom declassified,67.66666666666667
the caligula effect,0.07,Role-Playing,the caligula effect,58.0
the caligula effect: overdose,0.04,Role-Playing,the caligula effect: overdose,62.0
the chase: felix meets felicity,0.04,Action,the chase: felix meets felicity,59.0
the chronicles of narnia: prince caspian,1.32,Adventure,the chronicles of narnia: prince caspian,55.333333333333336
"the chronicles of narnia: the lion, the witch and the wardrobe",1.76,Adventure,"the chronicles of narnia: the lion, the witch and the wardrobe",68.83333333333333
the chronicles of riddick: assault on dark athena,0.5499999999999999,Shooter,the chronicles of riddick: assault on dark athena,80.66666666666667
the chronicles of riddick: escape from butcher bay,0.45,Shooter,the chronicles of riddick: escape from butcher bay,89.0
the club,0.5,Shooter,the club,71.66666666666667
the con,0.21,Fighting,the con,63.0
the crew,2.88,Racing,the crew,65.33333333333333
the crew 2,1.15,Racing,the crew 2,66.33333333333333
the crew: wild run,0.18000000000000002,Racing,the crew: wild run,73.0
the curse of monkey island,0.0,Adventure,the curse of monkey island,89.0
the cursed crusade,0.35,Action,the cursed crusade,46.333333333333336
the da vinci code,0.18000000000000002,Action,the da vinci code,53.0
the dark spire,0.04,Role-Playing,the dark spire,69.0
the darkness,1.1,Shooter,the darkness,81.0
the darkness ii,0.8600000000000001,Shooter,the darkness ii,78.66666666666667
the dukes of hazzard: return of the general lee,0.29,Racing,the dukes of hazzard: return of the general lee,50.5
the dwarves,0.06,Role-Playing,the dwarves,59.666666666666664
the elder scrolls iii: morrowind,2.86,Role-Playing,the elder scrolls iii: morrowind,88.0
the elder scrolls iii: morrowind game of the year edition,1.03,Role-Playing,the elder scrolls iii: morrowind game of the year edition,88.0
the elder scrolls iv: oblivion,7.84,Role-Playing,the elder scrolls iv: oblivion,93.66666666666667
the elder scrolls iv: shivering isles,0.25,Role-Playing,the elder scrolls iv: shivering isles,86.0
the elder scrolls online,1.02,MMO,the elder scrolls online,71.0
the elder scrolls online: morrowind,0.43,MMO,the elder scrolls online: morrowind,76.0
the elder scrolls online: summerset,0.22,MMO,the elder scrolls online: summerset,79.5
the elder scrolls online: tamriel unlimited,3.4299999999999997,MMO,the elder scrolls online: tamriel unlimited,75.5
the elder scrolls v: skyrim,20.51,Role-Playing,the elder scrolls v: skyrim,91.5
the elder scrolls v: skyrim special edition,5.1899999999999995,Role-Playing,the elder scrolls v: skyrim special edition,81.5
the elder scrolls v: skyrim vr,1.13,Role-Playing,the elder scrolls v: skyrim vr,79.0
the end is nigh,0.06,Platform,the end is nigh,82.0
the escapists 2,0.44,Action,the escapists 2,75.0
the escapists: the walking dead,0.01,Action,the escapists: the walking dead,65.0
the evil within,3.91,Action,the evil within,74.0
the evil within 2,1.44,Action,the evil within 2,79.33333333333333
the eye of judgment,0.34,Strategy,the eye of judgment,75.0
the eye of judgment: legends,0.01,Strategy,the eye of judgment: legends,69.0
the fast and the furious,0.08,Racing,the fast and the furious,58.5
the fight: lights out,0.59,Fighting,the fight: lights out,48.0
the first templar,0.18,Adventure,the first templar,54.5
the getaway,3.54,Action,the getaway,72.0
the getaway: black monday,1.78,Action,the getaway: black monday,57.0
the godfather,1.09,Action,the godfather,75.25
the godfather ii,1.53,Adventure,the godfather ii,65.0
the godfather: blackhand edition,0.15,Adventure,the godfather: blackhand edition,77.0
the godfather: mob wars,0.1,Action,the godfather: mob wars,59.0
the golden compass,2.84,Adventure,the golden compass,41.0
the golf club,0.2,Sports,the golf club,66.66666666666667
the great escape,0.26,Action,the great escape,55.0
the grim adventures of billy & mandy,0.22000000000000003,Action,the grim adventures of billy & mandy,65.0
the guided fate paradox,0.07,Role-Playing,the guided fate paradox,74.0
the gunstringer,0.4,Shooter,the gunstringer,77.0
the guy game,0.2,Misc,the guy game,47.5
the hardy boys: the hidden theft,0.11,Adventure,the hardy boys: the hidden theft,51.0
the hardy boys: treasure on the tracks,0.11,Adventure,the hardy boys: treasure on the tracks,65.0
the haunted: hell's reach,0.02,Shooter,the haunted: hell's reach,51.0
the history channel: battle for the pacific,0.07,Shooter,the history channel: battle for the pacific,35.5
the history channel: great battles of rome,0.0,Strategy,the history channel: great battles of rome,46.0
the hobbit,1.1400000000000001,Adventure,the hobbit,60.666666666666664
the house of the dead 2 & 3 return,1.45,Shooter,the house of the dead 2 & 3 return,66.0
the house of the dead iii,0.39,Shooter,the house of the dead iii,68.0
the house of the dead: overkill,0.85,Shooter,the house of the dead: overkill,78.0
the house of the dead: overkill - extended cut,0.37,Shooter,the house of the dead: overkill - extended cut,75.0
the hustle: detroit streets,0.13,Sports,the hustle: detroit streets,51.0
the ico & shadow of the colossus collection,1.34,Adventure,the ico & shadow of the colossus collection,92.0
the incredible hulk,2.0100000000000002,Platform,the incredible hulk,47.8
the incredible hulk: ultimate destruction,0.92,Action,the incredible hulk: ultimate destruction,83.66666666666667
the incredibles,5.2700000000000005,Action,the incredibles,59.8
the incredibles: rise of the underminer,1.18,Action,the incredibles: rise of the underminer,63.333333333333336
the inner world,0.03,Adventure,the inner world,74.5
the inner world: the last wind monk,0.04,Puzzle,the inner world: the last wind monk,79.0
the inpatient,0.13,Action,the inpatient,59.0
the invincible iron man,0.04,Action,the invincible iron man,68.0
the invisible hours,0.16,Adventure,the invisible hours,71.0
the italian job,0.34,Racing,the italian job,56.0
the king of fighters '98 ultimate match,0.12,Fighting,the king of fighters '98 ultimate match,73.0
the king of fighters 02/03,0.1,Fighting,the king of fighters 02/03,74.5
the king of fighters 2000/2001,0.11,Fighting,the king of fighters 2000/2001,71.0
the king of fighters 2006,0.08,Fighting,the king of fighters 2006,66.0
the king of fighters collection: the orochi saga,0.38,Fighting,the king of fighters collection: the orochi saga,66.0
the king of fighters ex2: howling blood,0.08,Fighting,the king of fighters ex2: howling blood,80.0
the king of fighters neowave,0.02,Fighting,the king of fighters neowave,62.0
the king of fighters xi,0.19,Fighting,the king of fighters xi,75.0
the king of fighters xii,0.27,Fighting,the king of fighters xii,60.0
the king of fighters xiii,0.63,Fighting,the king of fighters xiii,78.0
the king of fighters xiv,0.34,Fighting,the king of fighters xiv,79.0
the king of fighters: maximum impact - maniax,0.03,Fighting,the king of fighters: maximum impact - maniax,69.0
the king of route 66,0.06,Racing,the king of route 66,57.0
the kore gang,0.04,Platform,the kore gang,70.0
the last guardian,1.29,Action-Adventure,the last guardian,82.0
the last guy,0.03,Action,the last guy,77.0
the last remnant,0.01,Role-Playing,the last remnant,66.0
the last story,0.68,Role-Playing,the last story,80.0
the legend of alon d'ar,0.08,Role-Playing,the legend of alon d'ar,43.0
the legend of dragoon,1.86,Role-Playing,the legend of dragoon,74.0
the legend of heroes ii: prophecy of the moonlight witch,0.14,Role-Playing,the legend of heroes ii: prophecy of the moonlight witch,63.0
the legend of heroes iii: song of the ocean,0.03,Role-Playing,the legend of heroes iii: song of the ocean,58.0
the legend of heroes: a tear of vermillion,0.09,Role-Playing,the legend of heroes: a tear of vermillion,68.0
the legend of heroes: trails in the sky,0.1,Role-Playing,the legend of heroes: trails in the sky,79.0
the legend of heroes: trails in the sky sc,0.08,Role-Playing,the legend of heroes: trails in the sky sc,80.0
the legend of heroes: trails in the sky the 3rd,0.07,Role-Playing,the legend of heroes: trails in the sky the 3rd,83.0
the legend of heroes: trails of cold steel,0.45999999999999996,Role-Playing,the legend of heroes: trails of cold steel,80.75
the legend of heroes: trails of cold steel ii,0.48,Role-Playing,the legend of heroes: trails of cold steel ii,79.0
the legend of heroes: trails of cold steel iii,0.13,Role-Playing,the legend of heroes: trails of cold steel iii,83.0
the legend of heroes: trails of cold steel iv,0.13,Role-Playing,the legend of heroes: trails of cold steel iv,81.0
the legend of kage 2,0.08,Action,the legend of kage 2,70.0
the legend of legacy,0.29,Role-Playing,the legend of legacy,67.0
the legend of spyro: a new beginning,0.56,Platform,the legend of spyro: a new beginning,67.0
the legend of spyro: dawn of the dragon,2.18,Platform,the legend of spyro: dawn of the dragon,60.5
the legend of spyro: the eternal night,1.0,Platform,the legend of spyro: the eternal night,57.0
the legend of zelda: four swords adventures,0.81,Adventure,the legend of zelda: four swords adventures,86.0
the legendary starfy,0.85,Platform,the legendary starfy,75.0
the lego movie videogame,5.35,Action-Adventure,the lego movie videogame,69.25
the liar princess and the blind prince,0.05,Platform,the liar princess and the blind prince,70.5
the long dark,0.1,Simulation,the long dark,76.0
the lord of the rings online: mines of moria,0.02,Role-Playing,the lord of the rings online: mines of moria,85.0
the lord of the rings: aragorn's quest,0.7100000000000001,Action,the lord of the rings: aragorn's quest,58.0
the lord of the rings: conquest,1.5,Action,the lord of the rings: conquest,56.75
the lord of the rings: the battle for middle-earth ii,0.07,Strategy,the lord of the rings: the battle for middle-earth ii,81.5
the lord of the rings: the fellowship of the ring,1.73,Action,the lord of the rings: the fellowship of the ring,57.0
the lord of the rings: the return of the king,5.67,Action,the lord of the rings: the return of the king,81.6
the lord of the rings: the third age,1.0899999999999999,Role-Playing,the lord of the rings: the third age,73.5
the lord of the rings: the two towers,6.65,Action,the lord of the rings: the two towers,81.0
the lord of the rings: war in the north,1.91,Role-Playing,the lord of the rings: war in the north,63.333333333333336
the lost child,0.06999999999999999,Action,the lost child,62.5
the lost chronicles of zerzura,0.05,Adventure,the lost chronicles of zerzura,76.0
the lost crown: a ghost-hunting adventure,0.0,Adventure,the lost crown: a ghost-hunting adventure,71.0
the lost vikings,0.05,Puzzle,the lost vikings,75.0
the mark of kri,0.46,Action,the mark of kri,80.0
the matrix: path of neo,0.8,Action,the matrix: path of neo,68.66666666666667
the mighty quest for epic loot,0.01,Action,the mighty quest for epic loot,64.0
the movies,0.04,Simulation,the movies,84.0
the mummy,0.02,Action,the mummy,46.0
the mummy returns,0.5,Action,the mummy returns,44.0
the mummy: tomb of the dragon emperor,0.43,Adventure,the mummy: tomb of the dragon emperor,38.5
the munchables,0.18,Action,the munchables,71.0
the new york times crosswords,0.45,Puzzle,the new york times crosswords,79.0
the next big thing,0.06,Adventure,the next big thing,75.0
the operative: no one lives forever,0.14,Shooter,the operative: no one lives forever,79.0
the orange box,3.0300000000000002,Shooter,the orange box,93.66666666666667
the order: 1886,1.62,Shooter,the order: 1886,63.0
the outfit,0.25,Action,the outfit,70.0
the peanuts movie: snoopy's grand adventure,0.08,Platform,the peanuts movie: snoopy's grand adventure,60.0
the persistence,0.04,Action-Adventure,the persistence,75.0
the pinball of the dead,0.06,Misc,the pinball of the dead,79.0
the polar express,0.53,Adventure,the polar express,39.5
the political machine 2008,0.0,Simulation,the political machine 2008,73.0
the princess guide,0.02,Role-Playing,the princess guide,57.0
the punisher,0.81,Shooter,the punisher,67.5
the raven remastered,0.06,Adventure,the raven remastered,73.0
the raven: legacy of a master thief,0.0,Adventure,the raven: legacy of a master thief,74.0
the revenge of shinobi,0.09,Platform,the revenge of shinobi,51.0
the ripping friends,0.04,Action,the ripping friends,38.0
the rub rabbits!,0.07,Puzzle,the rub rabbits!,68.0
the saboteur,1.05,Action,the saboteur,73.66666666666667
the scorpion king: rise of the akkadian,0.34,Action,the scorpion king: rise of the akkadian,48.0
the scorpion king: sword of osiris,0.19,Action,the scorpion king: sword of osiris,72.0
the secret saturdays: beasts of the 5th sun,0.44,Action,the secret saturdays: beasts of the 5th sun,60.0
the settlers 7: paths to a kingdom,0.31,Strategy,the settlers 7: paths to a kingdom,79.0
the settlers history collection,0.04,Simulation,the settlers history collection,62.0
the seven deadly sins: knights of britannia,0.1,Fighting,the seven deadly sins: knights of britannia,55.0
the sexy brutale,0.08,Adventure,the sexy brutale,78.25
the shoot,0.34,Shooter,the shoot,60.0
the silent hill experience,0.0,Misc,the silent hill experience,72.0
the silver case,0.07,Visual Novel,the silver case,64.0
the simpsons game,7.04,Platform,the simpsons game,67.0
the simpsons skateboarding,1.52,Sports,the simpsons skateboarding,38.0
the simpsons: hit & run,7.04,Racing,the simpsons: hit & run,80.0
the simpsons: road rage,6.09,Racing,the simpsons: road rage,55.0
the sims,3.73,Simulation,the sims,86.0
the sims 2,4.39,Simulation,the sims 2,72.28571428571429
the sims 2: apartment pets,0.69,Simulation,the sims 2: apartment pets,50.0
the sims 2: bon voyage,0.03,Simulation,the sims 2: bon voyage,74.0
the sims 2: castaway,3.09,Simulation,the sims 2: castaway,70.0
the sims 2: freetime,0.0,Simulation,the sims 2: freetime,74.0
the sims 2: nightlife,1.27,Simulation,the sims 2: nightlife,76.0
the sims 2: open for business,0.52,Simulation,the sims 2: open for business,78.0
the sims 2: pets,3.9499999999999997,Simulation,the sims 2: pets,66.4
the sims 3,15.2,Simulation,the sims 3,73.0
the sims 3: ambitions,0.45,Simulation,the sims 3: ambitions,74.0
the sims 3: generations,0.63,Simulation,the sims 3: generations,70.0
the sims 3: late night expansion pack,1.69,Simulation,the sims 3: late night expansion pack,74.0
the sims 3: pets,0.54,Simulation,the sims 3: pets,73.0
the sims 3: showtime,0.0,Simulation,the sims 3: showtime,67.0
the sims 3: world adventures,0.57,Simulation,the sims 3: world adventures,81.0
the sims 4,6.22,Simulation,the sims 4,67.33333333333333
the sims 4: cats & dogs,0.21,Simulation,the sims 4: cats & dogs,80.0
the sims 4: city living,0.35,Simulation,the sims 4: city living,78.0
the sims 4: get famous,0.06,Simulation,the sims 4: get famous,77.0
the sims 4: get together,0.35,Simulation,the sims 4: get together,72.0
the sims: hot date,1.82,Simulation,the sims: hot date,85.0
the sims: house party,2.16,Simulation,the sims: house party,74.0
the sims: life stories,0.01,Simulation,the sims: life stories,72.0
the sims: makin' magic,1.92,Simulation,the sims: makin' magic,80.0
the sims: superstar,1.68,Simulation,the sims: superstar,79.0
the sims: unleashed,3.76,Simulation,the sims: unleashed,79.0
the sims: vacation,3.07,Simulation,the sims: vacation,75.0
the sky crawlers: innocent aces,0.12,Simulation,the sky crawlers: innocent aces,74.0
the sly collection,0.69,Platform,the sly collection,85.0
the spiderwick chronicles,0.39,Adventure,the spiderwick chronicles,61.2
the spongebob squarepants movie,4.7,Platform,the spongebob squarepants movie,73.5
the suffering,0.64,Action,the suffering,78.0
the suffering: ties that bind,0.26,Action,the suffering: ties that bind,74.66666666666667
the sum of all fears,0.07,Action,the sum of all fears,59.0
the surge,0.31,Action,the surge,73.0
the talos principle,0.04,Puzzle,the talos principle,85.0
the technomancer,0.14,Role-Playing,the technomancer,61.333333333333336
the terminator: dawn of fate,0.5599999999999999,Action,the terminator: dawn of fate,55.5
the testament of sherlock holmes,0.26,Adventure,the testament of sherlock holmes,67.33333333333333
the thing,0.64,Adventure,the thing,77.66666666666667
the three stooges,0.0,Action,the three stooges,53.0
the tiny bang story,0.01,Adventure,the tiny bang story,63.0
the tomb raider trilogy,0.89,Action,the tomb raider trilogy,78.0
the tower sp,0.0,Simulation,the tower sp,62.0
the town of light,0.06999999999999999,Adventure,the town of light,63.666666666666664
the typing of the dead,0.05,Shooter,the typing of the dead,79.0
the urbz: sims in the city,3.12,Simulation,the urbz: sims in the city,70.0
the void,0.03,Adventure,the void,77.0
the walking dead: a telltale games series,2.21,Adventure,the walking dead: a telltale games series,90.5
the walking dead: survival instinct,1.3,Shooter,the walking dead: survival instinct,34.666666666666664
the warriors,1.09,Action,the warriors,83.33333333333333
the weakest link,0.09,Misc,the weakest link,55.0
the witch and the hundred knight,0.33,Role-Playing,the witch and the hundred knight,53.0
the witch and the hundred knight 2,0.07,Role-Playing,the witch and the hundred knight 2,61.0
the witcher 2: assassins of kings,1.88,Role-Playing,the witcher 2: assassins of kings,88.0
the witcher: enhanced edition,0.33,Role-Playing,the witcher: enhanced edition,86.0
the witness,0.0,Misc,the witness,86.66666666666667
the wizard of oz: beyond the yellow brick road,0.15,Role-Playing,the wizard of oz: beyond the yellow brick road,68.0
the wolf among us,0.44,Adventure,the wolf among us,80.0
the wonderful 101,0.36,Action,the wonderful 101,78.0
the world ends with you: final remix,0.27,Role-Playing,the world ends with you: final remix,77.0
theatre of war,0.01,Strategy,theatre of war,66.0
theatrhythm final fantasy: curtain call,0.41,Music,theatrhythm final fantasy: curtain call,83.0
thehunter: call of the wild,0.44999999999999996,Shooter,thehunter: call of the wild,64.0
theme park,0.71,Strategy,theme park,72.0
theme park roller coaster,0.48,Strategy,theme park roller coaster,82.0
thief,1.98,Action,thief,68.66666666666667
thief: deadly shadows,0.17,Action,thief: deadly shadows,83.5
this is the police,0.03,Simulation,this is the police,66.5
this is the police 2,0.05,Strategy,this is the police 2,62.0
this war of mine,0.04,Action,this war of mine,83.0
thor: god of thunder,0.67,Action,thor: god of thunder,50.4
thrillville,0.8600000000000001,Strategy,thrillville,70.66666666666667
thrillville: off the rails,1.16,Strategy,thrillville: off the rails,71.0
throne of darkness,0.0,Role-Playing,throne of darkness,68.0
thunderbirds,0.02,Action,thunderbirds,47.0
thunderstrike: operation phoenix,0.34,Simulation,thunderstrike: operation phoenix,65.0
tiger woods pga tour,0.36,Sports,tiger woods pga tour,71.0
tiger woods pga tour 06,2.0,Sports,tiger woods pga tour 06,79.66666666666667
tiger woods pga tour 07,2.63,Sports,tiger woods pga tour 07,77.57142857142857
tiger woods pga tour 08,3.12,Sports,tiger woods pga tour 08,74.83333333333333
tiger woods pga tour 09,2.0300000000000002,Sports,tiger woods pga tour 09,83.0
tiger woods pga tour 09 all-play,1.42,Sports,tiger woods pga tour 09 all-play,81.0
tiger woods pga tour 10,3.0,Sports,tiger woods pga tour 10,79.75
tiger woods pga tour 11,1.8900000000000001,Sports,tiger woods pga tour 11,80.33333333333333
tiger woods pga tour 12: the masters,1.8599999999999999,Sports,tiger woods pga tour 12: the masters,81.66666666666667
tiger woods pga tour 13,1.06,Sports,tiger woods pga tour 13,76.0
tiger woods pga tour 14,0.75,Sports,tiger woods pga tour 14,75.5
tiger woods pga tour 2001,0.74,Sports,tiger woods pga tour 2001,69.5
tiger woods pga tour 2002,0.9,Sports,tiger woods pga tour 2002,81.5
tiger woods pga tour 2003,2.31,Sports,tiger woods pga tour 2003,89.5
tiger woods pga tour 2004,2.59,Sports,tiger woods pga tour 2004,88.75
tiger woods pga tour 2005,2.44,Sports,tiger woods pga tour 2005,88.75
tiger woods pga tour golf,0.04,Sports,tiger woods pga tour golf,65.0
tim burton's the nightmare before christmas: oogie's revenge,0.43000000000000005,Adventure,tim burton's the nightmare before christmas: oogie's revenge,65.0
time ace,0.01,Simulation,time ace,52.0
time and eternity,0.17,Role-Playing,time and eternity,42.0
time commando,0.17,Action,time commando,80.0
time crisis 3,0.61,Shooter,time crisis 3,81.0
time crisis 4,0.83,Shooter,time crisis 4,60.0
time crisis ii,0.53,Shooter,time crisis ii,81.0
time crisis: crisis zone,0.22,Shooter,time crisis: crisis zone,66.0
time crisis: project titan,0.05,Shooter,time crisis: project titan,71.0
time crisis: razing storm,0.54,Shooter,time crisis: razing storm,58.0
time hollow,0.16,Adventure,time hollow,64.0
timeshift,0.58,Shooter,timeshift,70.33333333333333
timesplitters,0.43,Shooter,timesplitters,81.0
timesplitters 2,1.78,Shooter,timesplitters 2,88.66666666666667
timesplitters: future perfect,0.48,Shooter,timesplitters: future perfect,83.0
tiny barbarian dx,0.06,Action,tiny barbarian dx,77.0
titan quest,0.05,Action,titan quest,65.75
titan quest: immortal throne,0.0,Role-Playing,titan quest: immortal throne,80.0
titanfall,5.08,Shooter,titanfall,85.0
titanfall 2,3.29,Shooter,titanfall 2,87.33333333333333
tmnt,1.0899999999999999,Action,tmnt,56.142857142857146
tmnt: mutant melee,0.09000000000000001,Fighting,tmnt: mutant melee,43.5
tna impact!,1.23,Fighting,tna impact!,63.0
toejam & earl iii: mission to earth,0.11,Action,toejam & earl iii: mission to earth,71.0
tokobot,0.06,Platform,tokobot,72.0
tokyo beat down,0.07,Action,tokyo beat down,56.0
tokyo jungle,0.26,Action,tokyo jungle,74.0
tokyo mirage sessions #fe,0.33,Role-Playing,tokyo mirage sessions #fe,80.0
tokyo tattoo girls,0.02,Strategy,tokyo tattoo girls,36.0
tokyo twilight ghost hunters,0.15000000000000002,Visual Novel,tokyo twilight ghost hunters,63.5
tokyo xanadu,0.19,Role-Playing,tokyo xanadu,74.0
tokyo xanadu ex+,0.1,Role-Playing,tokyo xanadu ex+,75.0
tokyo xtreme racer 3,0.91,Racing,tokyo xtreme racer 3,63.0
tokyo xtreme racer drift,0.18,Racing,tokyo xtreme racer drift,59.0
tokyo xtreme racer zero,1.5,Racing,tokyo xtreme racer zero,76.0
tom clancy's endwar,1.8,Strategy,tom clancy's endwar,71.6
tom clancy's ghost recon,3.9699999999999998,Shooter,tom clancy's ghost recon,66.4
tom clancy's ghost recon 2,2.5100000000000002,Shooter,tom clancy's ghost recon 2,64.0
tom clancy's ghost recon advanced warfighter,0.33,Shooter,tom clancy's ghost recon advanced warfighter,70.0
tom clancy's ghost recon advanced warfighter 2,1.57,Shooter,tom clancy's ghost recon advanced warfighter 2,76.75
tom clancy's ghost recon: future soldier,2.61,Shooter,tom clancy's ghost recon: future soldier,76.33333333333333
tom clancy's ghost recon: island thunder,0.87,Shooter,tom clancy's ghost recon: island thunder,81.5
tom clancy's ghost recon: jungle storm,1.16,Shooter,tom clancy's ghost recon: jungle storm,70.0
tom clancy's ghost recon: shadow wars,0.34,Strategy,tom clancy's ghost recon: shadow wars,77.0
tom clancy's hawx,1.18,Action,tom clancy's hawx,72.33333333333333
tom clancy's hawx 2,0.9199999999999999,Action,tom clancy's hawx 2,62.75
tom clancy's rainbow six,2.28,Shooter,tom clancy's rainbow six,85.0
tom clancy's rainbow six 3,2.42,Shooter,tom clancy's rainbow six 3,74.66666666666667
tom clancy's rainbow six 3: black arrow,1.13,Shooter,tom clancy's rainbow six 3: black arrow,84.0
tom clancy's rainbow six vegas,0.0,Shooter,tom clancy's rainbow six vegas,78.0
tom clancy's rainbow six: lockdown,0.8099999999999999,Shooter,tom clancy's rainbow six: lockdown,68.75
tom clancy's rainbow six: rogue spear,0.34,Shooter,tom clancy's rainbow six: rogue spear,75.5
tom clancy's rainbow six: vegas,3.95,Shooter,tom clancy's rainbow six: vegas,85.0
tom clancy's rainbow six: vegas 2,3.78,Shooter,tom clancy's rainbow six: vegas 2,78.0
tom clancy's splinter cell,6.01,Action,tom clancy's splinter cell,87.8
tom clancy's splinter cell 3d,0.3,Action,tom clancy's splinter cell 3d,53.0
tom clancy's splinter cell classic trilogy hd,0.02,Action,tom clancy's splinter cell classic trilogy hd,67.0
tom clancy's splinter cell: blacklist,2.32,Action-Adventure,tom clancy's splinter cell: blacklist,82.66666666666667
tom clancy's splinter cell: chaos theory,2.23,Action,tom clancy's splinter cell: chaos theory,71.0
tom clancy's splinter cell: conviction,2.16,Action,tom clancy's splinter cell: conviction,84.0
tom clancy's splinter cell: double agent,1.23,Action,tom clancy's splinter cell: double agent,80.0
tom clancy's splinter cell: pandora tomorrow,2.87,Action,tom clancy's splinter cell: pandora tomorrow,87.0
tom clancy's the division,7.4399999999999995,Shooter,tom clancy's the division,79.66666666666667
tomb raider,5.66,Action,tomb raider,87.5
tomb raider: anniversary,2.34,Action,tomb raider: anniversary,77.75
tomb raider: definitive edition,2.17,Action-Adventure,tomb raider: definitive edition,85.5
tomb raider: legend,1.6500000000000001,Action,tomb raider: legend,75.16666666666667
tomb raider: the prophecy,0.14,Adventure,tomb raider: the prophecy,66.0
tomb raider: underworld,3.23,Adventure,tomb raider: underworld,74.2
tony hawk's american sk8land,0.44999999999999996,Sports,tony hawk's american sk8land,74.0
tony hawk's american wasteland,1.3599999999999999,Sports,tony hawk's american wasteland,74.8
tony hawk's downhill jam,0.45,Sports,tony hawk's downhill jam,68.0
tony hawk's motion,0.21,Sports,tony hawk's motion,39.0
tony hawk's pro skater,8.459999999999999,Sports,tony hawk's pro skater,92.0
tony hawk's pro skater 2,6.619999999999999,Sports,tony hawk's pro skater 2,93.0
tony hawk's pro skater 2x,0.63,Sports,tony hawk's pro skater 2x,78.0
tony hawk's pro skater 3,8.05,Sports,tony hawk's pro skater 3,91.33333333333333
tony hawk's pro skater 4,5.75,Sports,tony hawk's pro skater 4,89.6
tony hawk's pro skater 5,0.52,Sports,tony hawk's pro skater 5,35.5
tony hawk's project 8,2.55,Sports,tony hawk's project 8,72.2
tony hawk's proving ground,2.14,Sports,tony hawk's proving ground,74.66666666666667
tony hawk's underground,6.47,Sports,tony hawk's underground,87.5
tony hawk's underground 2,4.11,Sports,tony hawk's underground 2,83.25
tony hawk's underground 2 remix,0.82,Sports,tony hawk's underground 2 remix,83.0
tony hawk: shred,1.1199999999999999,Sports,tony hawk: shred,53.0
too human,0.78,Role-Playing,too human,65.0
top gear rally,0.49,Racing,top gear rally,78.0
top gear rpm tuning,0.02,Racing,top gear rpm tuning,45.0
top gun,0.11000000000000001,Action,top gun,48.5
top gun: combat zones,1.17,Simulation,top gun: combat zones,61.0
top gun: hard lock,0.09,Action,top gun: hard lock,54.0
top spin,0.56,Sports,top spin,78.0
top spin 2,0.23,Sports,top spin 2,65.33333333333333
top spin 3,1.85,Sports,top spin 3,71.5
top spin 4,1.24,Sports,top spin 4,73.33333333333333
torchlight,0.07,Role-Playing,torchlight,82.0
tork: prehistoric punk,0.03,Platform,tork: prehistoric punk,62.0
torment: tides of numenera,0.02,Role-Playing,torment: tides of numenera,78.66666666666667
tornado,0.07,Action,tornado,44.0
tornado outbreak,0.27,Action,tornado outbreak,67.33333333333333
total annihilation: kingdoms,0.0,Strategy,total annihilation: kingdoms,74.0
total immersion racing,0.13,Racing,total immersion racing,59.5
total overdose: a gunslinger's tale in mexico,0.11,Shooter,total overdose: a gunslinger's tale in mexico,71.33333333333333
total war: attila,0.26,Strategy,total war: attila,80.0
total war: shogun 2 - fall of the samurai,0.2,Strategy,total war: shogun 2 - fall of the samurai,86.0
totaled!,0.07,Racing,totaled!,55.0
touch detective,0.1,Adventure,touch detective,60.0
touch detective 2 1/2,0.11,Adventure,touch detective 2 1/2,67.0
touch my katamari,0.16,Puzzle,touch my katamari,69.0
touch the dead,0.22,Shooter,touch the dead,56.0
touchmaster,2.0,Puzzle,touchmaster,71.0
touchmaster 2,0.89,Puzzle,touchmaster 2,76.0
touchmaster 3,0.43,Puzzle,touchmaster 3,68.0
touhou genso rondo: bullet ballet,0.07,Shooter,touhou genso rondo: bullet ballet,55.0
touhou genso wanderer,0.05,Action,touhou genso wanderer,70.0
touhou genso wanderer reloaded,0.04,Role-Playing,touhou genso wanderer reloaded,64.0
touhou kobuto v: burst battle,0.09,Shooter,touhou kobuto v: burst battle,40.0
toukiden 2,0.33999999999999997,Action,toukiden 2,77.0
toukiden: the age of demons,0.29,Action,toukiden: the age of demons,71.0
tour de france 2014,0.05,Sports,tour de france 2014,53.0
tour de france 2018,0.02,Simulation,tour de france 2018,57.0
tournament of legends,0.07,Fighting,tournament of legends,45.0
toxic grind,0.02,Sports,toxic grind,49.0
toy shop,0.03,Simulation,toy shop,31.0
toy soldiers: war chest,0.16999999999999998,Action,toy soldiers: war chest,61.0
toy story 2: buzz lightyear to the rescue!,2.64,Platform,toy story 2: buzz lightyear to the rescue!,75.0
toy story mania!,1.89,Misc,toy story mania!,49.0
toy story racer,0.15,Racing,toy story racer,76.0
trace memory,0.29,Adventure,trace memory,70.0
trackmania,0.0,Racing,trackmania,74.0
trackmania ds,0.08,Racing,trackmania ds,75.0
trackmania turbo,0.58,Racing,trackmania turbo,78.66666666666667
trackmania: build to race,0.23,Racing,trackmania: build to race,74.0
trailblazers,0.03,Racing,trailblazers,64.66666666666667
train sim world,0.12,Simulation,train sim world,56.0
trainz,0.0,Simulation,trainz,79.0
transformers,1.29,Shooter,transformers,75.0
transformers animated: the game,0.17,Action,transformers animated: the game,69.0
transformers: cybertron adventures,0.27,Action,transformers: cybertron adventures,41.0
transformers: dark of the moon,1.02,Action,transformers: dark of the moon,58.0
transformers: devastation,0.64,Action,transformers: devastation,75.33333333333333
transformers: fall of cybertron,0.85,Action,transformers: fall of cybertron,78.0
transformers: revenge of the fallen,2.71,Action,transformers: revenge of the fallen,58.75
transformers: the game,3.34,Action,transformers: the game,52.833333333333336
transformers: war for cybertron,1.0899999999999999,Action,transformers: war for cybertron,76.0
transworld snowboarding,0.09,Sports,transworld snowboarding,74.0
transworld surf,0.32,Sports,transworld surf,76.0
trapped dead,0.02,Strategy,trapped dead,50.0
trapt,0.06,Action,trapt,60.0
trauma center: new blood,0.29,Simulation,trauma center: new blood,77.0
trauma center: second opinion,0.34,Simulation,trauma center: second opinion,80.0
trauma center: under the knife,0.36,Simulation,trauma center: under the knife,81.0
trauma center: under the knife 2,0.11,Simulation,trauma center: under the knife 2,79.0
trauma team,0.17,Simulation,trauma team,82.0
treasure world,0.2,Simulation,treasure world,68.0
trials fusion,0.71,Misc,trials fusion,79.66666666666667
tricky towers,0.02,Puzzle,tricky towers,72.0
triggerheart exelica,0.02,Shooter,triggerheart exelica,63.0
trillion: god of destruction,0.13,Role-Playing,trillion: god of destruction,65.0
trine,0.01,Platform,trine,81.5
trine 2: director's cut,0.04,Platform,trine 2: director's cut,84.0
trinity universe,0.18,Role-Playing,trinity universe,62.0
trinity: souls of zill o'll,0.14,Role-Playing,trinity: souls of zill o'll,55.0
triple play 2002,1.12,Sports,triple play 2002,64.5
trivial pursuit,1.49,Misc,trivial pursuit,66.33333333333333
trivial pursuit unhinged,0.28,Misc,trivial pursuit unhinged,54.5
troll and i,0.15,Action,troll and i,39.0
tron 2.0,0.0,Shooter,tron 2.0,84.0
tron 2.0: killer app,0.12,Action,tron 2.0: killer app,68.5
tron: evolution,1.12,Action,tron: evolution,57.666666666666664
tron: evolution - battle grids,0.21,Racing,tron: evolution - battle grids,59.0
tropico,0.0,Strategy,tropico,85.0
tropico 2: pirate cove,0.0,Simulation,tropico 2: pirate cove,75.0
tropico 3,0.26,Strategy,tropico 3,77.0
tropico 4,0.61,Strategy,tropico 4,77.5
tropico 4: modern times,0.02,Strategy,tropico 4: modern times,78.0
tropico 5,0.6,Simulation,tropico 5,75.5
true crime: new york city,1.21,Action,true crime: new york city,58.25
true crime: streets of la,5.21,Action,true crime: streets of la,74.75
true swing golf,0.16,Sports,true swing golf,66.0
tsugunai: atonement,0.06,Role-Playing,tsugunai: atonement,67.0
tt isle of man: ride on the edge,0.25,Racing,tt isle of man: ride on the edge,67.5
tube slider,0.02,Racing,tube slider,62.0
tumblestone,0.05,Puzzle,tumblestone,71.0
turbo turtle adventure,0.05,Puzzle,turbo turtle adventure,70.0
turn it around,0.03,Action,turn it around,39.0
turning point: fall of liberty,0.53,Shooter,turning point: fall of liberty,41.333333333333336
turok,1.43,Shooter,turok,68.75
turok 3: shadow of oblivion,0.17,Shooter,turok 3: shadow of oblivion,77.0
turok: dinosaur hunter,0.05,Shooter,turok: dinosaur hunter,85.0
turok: evolution,2.3600000000000003,Shooter,turok: evolution,67.75
tv superstars,0.26,Misc,tv superstars,56.0
twin sector,0.0,Action,twin sector,49.0
twin strike: operation thunder,0.04,Shooter,twin strike: operation thunder,50.0
twisted metal,1.9000000000000001,Action,twisted metal,76.0
twisted metal: black,1.41,Racing,twisted metal: black,91.0
two worlds,0.72,Role-Playing,two worlds,57.5
two worlds ii,1.01,Role-Playing,two worlds ii,70.66666666666667
ty the tasmanian tiger,1.6199999999999999,Platform,ty the tasmanian tiger,69.0
ty the tasmanian tiger 2: bush rescue,0.9700000000000001,Platform,ty the tasmanian tiger 2: bush rescue,68.25
ty the tasmanian tiger 3: night of the quinkan,0.35,Action,ty the tasmanian tiger 3: night of the quinkan,67.33333333333333
tycoon city: new york,0.02,Strategy,tycoon city: new york,67.0
tyranny,0.02,Role-Playing,tyranny,80.0
udraw studio,2.44,Misc,udraw studio,71.0
uefa champions league 2006-2007,0.060000000000000005,Sports,uefa champions league 2006-2007,71.66666666666667
uefa euro 2004: portugal,0.19,Sports,uefa euro 2004: portugal,75.33333333333333
uefa euro 2016,0.41000000000000003,Sports,uefa euro 2016,72.0
ufc personal trainer: the ultimate fitness system,1.19,Sports,ufc personal trainer: the ultimate fitness system,67.5
ufc undisputed 2010,2.95,Fighting,ufc undisputed 2010,81.0
ufc undisputed 3,2.05,Fighting,ufc undisputed 3,85.5
ufc: sudden impact,0.18,Fighting,ufc: sudden impact,54.0
ufc: tapout 2,0.1,Fighting,ufc: tapout 2,66.0
ufo: afterlight,0.0,Strategy,ufo: afterlight,71.0
ufo: aftermath,0.0,Strategy,ufo: aftermath,67.0
ufo: extraterrestrials,0.01,Strategy,ufo: extraterrestrials,68.0
ultimate band,0.47,Misc,ultimate band,64.0
ultimate beach soccer,0.02,Sports,ultimate beach soccer,39.0
ultimate block party,0.03,Puzzle,ultimate block party,76.0
ultimate brain games,0.08,Misc,ultimate brain games,80.0
ultimate fighting championship,0.25,Fighting,ultimate fighting championship,88.0
ultimate fighting championship: throwdown,0.4,Fighting,ultimate fighting championship: throwdown,67.5
ultimate ghosts 'n goblins,0.08,Platform,ultimate ghosts 'n goblins,72.0
ultimate marvel vs. capcom 3,0.88,Fighting,ultimate marvel vs. capcom 3,79.0
ultimate mortal kombat,0.09,Fighting,ultimate mortal kombat,73.0
ultimate nes remix,0.33,Action,ultimate nes remix,69.0
ultimate spider-man,1.94,Action,ultimate spider-man,76.0
ultra bust-a-move,0.05,Puzzle,ultra bust-a-move,74.0
ultra street fighter ii: the final challengers,0.57,Fighting,ultra street fighter ii: the final challengers,66.0
ultra street fighter iv,0.1,Fighting,ultra street fighter iv,79.33333333333333
unbox: newbie's adventure,0.05,Action,unbox: newbie's adventure,62.0
uncharted 2: among thieves,6.74,Action,uncharted 2: among thieves,96.0
uncharted: drake's fortune,4.97,Action,uncharted: drake's fortune,88.0
uncharted: golden abyss,1.62,Action,uncharted: golden abyss,80.0
undead knights,0.12,Action,undead knights,63.0
under the skin,0.03,Action,under the skin,55.0
underground pool,0.03,Sports,underground pool,40.0
undertale,0.04,Role-Playing,undertale,92.33333333333333
unison: rebels of rhythm & dance,0.04,Misc,unison: rebels of rhythm & dance,68.0
unit 13,0.53,Shooter,unit 13,71.0
universal studios theme parks adventure,0.1,Misc,universal studios theme parks adventure,39.0
universe at war: earth assault,0.11,Strategy,universe at war: earth assault,71.5
unreal championship,0.74,Shooter,unreal championship,83.0
unreal championship 2: the liandri conflict,0.28,Shooter,unreal championship 2: the liandri conflict,85.0
unreal ii: the awakening,0.21,Shooter,unreal ii: the awakening,69.5
unreal tournament,0.58,Shooter,unreal tournament,83.5
unreal tournament 2003,0.01,Shooter,unreal tournament 2003,86.0
unreal tournament 2004,0.02,Shooter,unreal tournament 2004,93.0
unreal tournament iii,1.2,Shooter,unreal tournament iii,83.66666666666667
unsolved crimes,0.05,Adventure,unsolved crimes,66.0
until dawn,0.0,Adventure,until dawn,79.0
until dawn: rush of blood,0.85,Shooter,until dawn: rush of blood,72.0
untold legends: brotherhood of the blade,1.09,Role-Playing,untold legends: brotherhood of the blade,68.0
untold legends: dark kingdom,0.2,Role-Playing,untold legends: dark kingdom,58.0
up,2.6399999999999997,Adventure,up,61.0
urban chaos: riot response,0.08,Shooter,urban chaos: riot response,72.5
urban reign,0.08,Action,urban reign,60.0
uru: ages beyond myst,0.02,Adventure,uru: ages beyond myst,79.0
utawarerumono zan,0.03,Action,utawarerumono zan,59.0
utawarerumono: mask of deception,0.3,Adventure,utawarerumono: mask of deception,68.0
utawarerumono: mask of truth,0.27,Visual Novel,utawarerumono: mask of truth,75.0
v-rally 3,0.13,Racing,v-rally 3,80.0
v-rally 4,0.02,Racing,v-rally 4,58.666666666666664
vagrant story,0.87,Role-Playing,vagrant story,92.0
valhalla knights,0.24,Role-Playing,valhalla knights,53.0
valhalla knights 2,0.23,Role-Playing,valhalla knights 2,50.0
valhalla knights 3,0.18,Misc,valhalla knights 3,48.0
valkyria chronicles 4,0.48,Role-Playing,valkyria chronicles 4,83.33333333333333
valkyria chronicles ii,0.54,Role-Playing,valkyria chronicles ii,83.0
valkyria chronicles remastered,0.33,Role-Playing,valkyria chronicles remastered,84.0
valkyria revolution,0.25,Role-Playing,valkyria revolution,55.0
valkyrie drive: bhikkhuni,0.17,Action,valkyrie drive: bhikkhuni,72.0
vampire moon: the mystery of the hidden sun,0.13,Adventure,vampire moon: the mystery of the hidden sun,50.0
vampire night,0.14,Shooter,vampire night,65.0
vampire rain,0.21,Action,vampire rain,38.0
vampire rain: altered species,0.06,Action,vampire rain: altered species,30.0
vampyr,0.49,Role-Playing,vampyr,70.25
van helsing,0.72,Action,van helsing,53.333333333333336
vancouver 2010 - the official video game of the olympic winter games,0.5700000000000001,Sports,vancouver 2010 - the official video game of the olympic winter games,55.666666666666664
vanguard: saga of heroes,0.0,Role-Playing,vanguard: saga of heroes,68.0
vanishing point,0.1,Racing,vanishing point,74.0
vanquish,1.03,Shooter,vanquish,82.0
velocity 2x,0.0,Action,velocity 2x,87.66666666666667
velvet assassin,0.18,Shooter,velvet assassin,58.5
venetica,0.3,Role-Playing,venetica,50.0
vexx,0.4,Platform,vexx,68.0
victor vran: overkill edition,0.06,Role-Playing,victor vran: overkill edition,79.0
victoria ii,0.0,Strategy,victoria ii,75.0
victorious boxers: ippo's road to glory,0.47,Fighting,victorious boxers: ippo's road to glory,75.0
victorious boxers: revolution,0.14,Fighting,victorious boxers: revolution,59.0
vietcong 2,0.0,Shooter,vietcong 2,61.0
vietcong: purple haze,0.26,Shooter,vietcong: purple haze,48.0
viewtiful joe,0.9,Action,viewtiful joe,91.5
viewtiful joe 2,0.43,Action,viewtiful joe 2,85.5
viewtiful joe: double trouble!,0.11,Action,viewtiful joe: double trouble!,73.0
viewtiful joe: red hot rumble,0.15,Action,viewtiful joe: red hot rumble,62.5
viking: battle for asgard,0.8200000000000001,Action,viking: battle for asgard,66.5
vikings: wolves of midgard,0.08,Action,vikings: wolves of midgard,65.66666666666667
virtua fighter 4: evolution,0.71,Fighting,virtua fighter 4: evolution,93.0
virtua fighter 5,1.08,Fighting,virtua fighter 5,85.0
virtua fighter 5 online,0.28,Fighting,virtua fighter 5 online,89.0
virtua quest,0.03,Role-Playing,virtua quest,54.0
virtua striker 2002,0.05,Sports,virtua striker 2002,58.0
virtua tennis,0.18,Sports,virtua tennis,87.5
virtua tennis 2009,1.08,Sports,virtua tennis 2009,70.25
virtua tennis 3,1.1500000000000001,Sports,virtua tennis 3,79.66666666666667
virtua tennis 4,0.87,Sports,virtua tennis 4,68.0
viva pinata,0.02,Simulation,viva pinata,81.0
viva pinata: party animals,0.23,Misc,viva pinata: party animals,56.0
viva pinata: pocket paradise,0.55,Simulation,viva pinata: pocket paradise,82.0
viva pinata: trouble in paradise,0.47,Simulation,viva pinata: trouble in paradise,82.0
voodoo vince,0.12,Platform,voodoo vince,73.0
wacky races: crash & dash,0.51,Racing,wacky races: crash & dash,40.0
wacky world of sports,0.09,Sports,wacky world of sports,45.0
wade hixton's counter punch,0.01,Sports,wade hixton's counter punch,78.0
wakeboarding unleashed featuring shaun murray,0.23,Sports,wakeboarding unleashed featuring shaun murray,76.66666666666667
wall-e,4.92,Platform,wall-e,67.0
wallace & gromit in project zoo,0.33,Platform,wallace & gromit in project zoo,65.33333333333333
wallace & gromit: curse of the were-rabbit,0.13,Adventure,wallace & gromit: curse of the were-rabbit,69.0
walt disney world quest: magical racing tour,0.45,Racing,walt disney world quest: magical racing tour,65.0
wanted: weapons of fate,0.6699999999999999,Shooter,wanted: weapons of fate,61.666666666666664
war of the monsters,0.54,Fighting,war of the monsters,80.0
war of the vikings,0.0,Misc,war of the vikings,62.0
war thunder,0.0,Action,war thunder,78.5
wargame: airland battle,0.0,Misc,wargame: airland battle,80.0
"warhammer 40,000: dawn of war - dark crusade",0.0,Strategy,"warhammer 40,000: dawn of war - dark crusade",87.0
"warhammer 40,000: dawn of war ii",0.47,Strategy,"warhammer 40,000: dawn of war ii",85.0
"warhammer 40,000: dawn of war ii - chaos rising",0.1,Strategy,"warhammer 40,000: dawn of war ii - chaos rising",84.0
"warhammer 40,000: dawn of war ii - retribution",0.08,Strategy,"warhammer 40,000: dawn of war ii - retribution",80.0
"warhammer 40,000: dawn of war iii",0.04,Strategy,"warhammer 40,000: dawn of war iii",77.0
"warhammer 40,000: eternal crusade",0.0,Shooter,"warhammer 40,000: eternal crusade",52.0
"warhammer 40,000: fire warrior",0.15,Shooter,"warhammer 40,000: fire warrior",55.5
"warhammer 40,000: inquisitor - martyr",0.04,Action,"warhammer 40,000: inquisitor - martyr",67.66666666666667
"warhammer 40,000: space marine",1.01,Shooter,"warhammer 40,000: space marine",73.33333333333333
"warhammer 40,000: squad command",0.39,Strategy,"warhammer 40,000: squad command",67.0
warhammer: battle for atluma,0.08,Action,warhammer: battle for atluma,55.0
warhammer: battle march,0.11,Strategy,warhammer: battle march,55.0
warhammer: mark of chaos,0.03,Strategy,warhammer: mark of chaos,73.0
warhammer: mark of chaos - battle march,0.01,Strategy,warhammer: mark of chaos - battle march,65.0
warhawk,1.52,Shooter,warhawk,84.0
wario world,0.44,Platform,wario world,71.0
wario: master of disguise,0.65,Platform,wario: master of disguise,60.0
warioware d.i.y.,0.59,Misc,warioware d.i.y.,82.0
warioware gold,0.28,Misc,warioware gold,78.0
warioware: twisted!,0.74,Puzzle,warioware: twisted!,88.0
warjetz,0.04,Shooter,warjetz,59.0
warlords iv: heroes of etheria,0.0,Strategy,warlords iv: heroes of etheria,73.0
warpath,0.0,Shooter,warpath,55.0
warriors all-stars,0.15000000000000002,Action,warriors all-stars,70.0
warriors of might and magic,0.30000000000000004,Adventure,warriors of might and magic,49.0
warriors orochi,1.27,Action,warriors orochi,55.25
warriors orochi 2,0.87,Action,warriors orochi 2,50.666666666666664
warriors orochi 3,1.16,Action,warriors orochi 3,70.5
warriors orochi 3 hyper,0.08,Action,warriors orochi 3 hyper,64.0
warriors: legends of troy,0.25,Action,warriors: legends of troy,49.0
warship gunner 2,0.03,Simulation,warship gunner 2,62.0
wartech: senko no ronde,0.04,Fighting,wartech: senko no ronde,60.0
wasteland 2,0.33999999999999997,Role-Playing,wasteland 2,81.0
watch dogs,9.700000000000001,Action-Adventure,watch dogs,74.25
watch dogs 2,4.71,Action,watch dogs 2,79.33333333333333
watchmen: the end is nigh,0.0,Action,watchmen: the end is nigh,56.666666666666664
wave race: blue storm,0.6,Racing,wave race: blue storm,80.0
wave rally,0.27,Racing,wave rally,62.0
way of the samurai,0.51,Action,way of the samurai,74.0
way of the samurai 2,0.33,Action,way of the samurai 2,59.0
way of the samurai 3,0.73,Action,way of the samurai 3,56.5
way of the samurai 4,0.2,Action,way of the samurai 4,65.0
we cheer,0.52,Simulation,we cheer,56.0
we cheer 2,0.26,Simulation,we cheer 2,64.0
we happy few,0.23,Action-Adventure,we happy few,64.33333333333333
we love golf!,0.24,Sports,we love golf!,75.0
we love katamari,0.52,Puzzle,we love katamari,86.0
werewolves within,0.05,Misc,werewolves within,76.0
wet,1.12,Shooter,wet,69.5
whacked!,0.09,Party,whacked!,59.0
"what did i do to deserve this, my lord!? 2",0.26,Role-Playing,"what did i do to deserve this, my lord!? 2",73.0
where the wild things are,0.49,Platform,where the wild things are,52.0
whiplash,0.19,Platform,whiplash,67.0
whirl tour,0.27,Sports,whirl tour,59.5
white knight chronicles ii,0.63,Role-Playing,white knight chronicles ii,60.0
whiteout,0.05,Racing,whiteout,50.0
wii fit u,0.86,Misc,wii fit u,72.0
wii sports club,0.38,Sports,wii sports club,68.0
wild arms 3,0.62,Role-Playing,wild arms 3,78.0
wild arms 4,0.14,Role-Playing,wild arms 4,69.0
wild arms 5,0.28,Role-Playing,wild arms 5,71.0
wild arms xf,0.14,Role-Playing,wild arms xf,64.0
wild earth: african safari,0.13,Simulation,wild earth: african safari,60.0
wild guns reloaded,0.07,Shooter,wild guns reloaded,74.0
wild wild racing,0.21,Racing,wild wild racing,64.0
wildstar,0.16,MMO,wildstar,82.0
winback 2: project poseidon,0.01,Shooter,winback 2: project poseidon,50.0
winback: covert operations,0.5,Shooter,winback: covert operations,66.0
wing commander: prophecy,0.05,Simulation,wing commander: prophecy,70.0
wing island,0.05,Simulation,wing island,47.0
wings of war,0.06,Simulation,wings of war,65.5
winning eleven: pro evolution soccer 2007,5.529999999999999,Sports,winning eleven: pro evolution soccer 2007,82.0
winter sports 2: the next challenge,0.61,Sports,winter sports 2: the next challenge,41.0
winter sports: the ultimate challenge,1.25,Sports,winter sports: the ultimate challenge,52.0
winter stars,0.28,Sports,winter stars,46.0
wipeout 2048,0.38,Racing,wipeout 2048,79.0
wipeout 3,0.34,Racing,wipeout 3,89.0
wipeout 64,0.43,Racing,wipeout 64,84.0
wipeout fusion,0.25,Racing,wipeout fusion,83.0
wipeout hd fury,0.07,Racing,wipeout hd fury,89.0
wipeout pulse,0.81,Racing,wipeout pulse,82.0
wipeout pure,1.04,Racing,wipeout pure,88.0
wipeout xl,0.25,Racing,wipeout xl,93.0
wireway,0.1,Platform,wireway,62.0
without warning,0.06,Shooter,without warning,45.0
wizardry 8,0.0,Role-Playing,wizardry 8,85.0
wizardry: tale of the forsaken land,0.09,Role-Playing,wizardry: tale of the forsaken land,70.0
wizards of waverly place,0.87,Misc,wizards of waverly place,58.0
wolfenstein,1.23,Shooter,wolfenstein,72.33333333333333
wolfenstein 3d,0.17,Shooter,wolfenstein 3d,61.5
wolfenstein ii: the new colossus,2.17,Shooter,wolfenstein ii: the new colossus,85.0
wolfenstein: the new order,3.2,Shooter,wolfenstein: the new order,79.66666666666667
wolfenstein: the old blood,0.63,Shooter,wolfenstein: the old blood,75.66666666666667
women's volleyball championship,0.03,Sports,women's volleyball championship,32.0
wonder world amusement park,0.14,Misc,wonder world amusement park,37.0
woody woodpecker racing,0.11,Racing,woody woodpecker racing,46.0
wordjong,0.15,Puzzle,wordjong,77.0
world championship poker,1.63,Misc,world championship poker,63.0
world championship poker 2: featuring howard lederer,0.5700000000000001,Misc,world championship poker 2: featuring howard lederer,67.5
world championship poker: deluxe series,0.08,Misc,world championship poker: deluxe series,67.0
world championship poker: featuring howard lederer - all in,1.73,Misc,world championship poker: featuring howard lederer - all in,51.0
world championship pool 2004,0.09,Sports,world championship pool 2004,67.0
world destruction league: thunder tanks,0.34,Action,world destruction league: thunder tanks,65.0
world driver championship,0.17,Racing,world driver championship,75.0
world end syndrome,0.01,Visual Novel,world end syndrome,79.0
world heroes anthology,0.01,Fighting,world heroes anthology,53.0
world in conflict,0.03,Strategy,world in conflict,89.0
world in conflict: soviet assault,0.0,Strategy,world in conflict: soviet assault,72.0
world of final fantasy,0.97,Role-Playing,world of final fantasy,77.0
world of final fantasy maxima,0.03,Role-Playing,world of final fantasy maxima,77.0
world of goo,0.03,Puzzle,world of goo,89.33333333333333
world of outlaws: sprint cars,0.18,Racing,world of outlaws: sprint cars,83.0
world of outlaws: sprint cars 2002,0.48,Racing,world of outlaws: sprint cars 2002,80.0
world of tanks,0.31000000000000005,Shooter,world of tanks,78.66666666666667
world poker tour,0.32,Misc,world poker tour,63.666666666666664
world racing 2,0.0,Racing,world racing 2,57.5
world series baseball,0.27,Sports,world series baseball,85.0
world series baseball 2k3,0.4,Sports,world series baseball 2k3,88.0
world series of poker,0.98,Misc,world series of poker,49.0
world series of poker 2008: battle for the bracelets,0.49,Action,world series of poker 2008: battle for the bracelets,74.0
world soccer winning eleven 6 international,2.99,Sports,world soccer winning eleven 6 international,93.0
world soccer winning eleven 8 international,3.94,Sports,world soccer winning eleven 8 international,89.66666666666667
world soccer winning eleven 9,4.5,Sports,world soccer winning eleven 9,85.33333333333333
world tour soccer,1.07,Sports,world tour soccer,70.0
world tour soccer 06,0.07,Sports,world tour soccer 06,72.0
world tour soccer 2002,0.14,Sports,world tour soccer 2002,77.0
world tour soccer 2003,0.14,Sports,world tour soccer 2003,78.0
world tour soccer 2005,0.16,Sports,world tour soccer 2005,68.0
world war ii combat: iwo jima,0.01,Shooter,world war ii combat: iwo jima,26.0
world's scariest police chases,0.36,Racing,world's scariest police chases,54.0
worldshift,0.02,Strategy,worldshift,63.0
worldwide soccer manager 2009,1.15,Simulation,worldwide soccer manager 2009,83.0
worms,0.02,Strategy,worms,75.5
worms 3d,0.13,Strategy,worms 3d,70.5
worms 4: mayhem,0.04,Strategy,worms 4: mayhem,70.0
worms blast,0.06,Puzzle,worms blast,69.0
worms forts: under siege,0.18,Strategy,worms forts: under siege,63.333333333333336
worms reloaded,0.05,Strategy,worms reloaded,79.0
worms world party,0.05,Strategy,worms world party,77.0
worms: a space oddity,0.08,Strategy,worms: a space oddity,64.0
worms: battle islands,0.22,Strategy,worms: battle islands,65.0
worms: open warfare 2,0.8,Strategy,worms: open warfare 2,80.5
wrath unleashed,0.12000000000000001,Strategy,wrath unleashed,66.5
wrc 4: fia world rally championship,0.0,Racing,wrc 4: fia world rally championship,63.0
wrc 7,0.12000000000000001,Racing,wrc 7,70.0
wrc: fia world rally championship,0.37,Racing,wrc: fia world rally championship,67.0
wreckless: the yakuza missions,0.85,Racing,wreckless: the yakuza missions,64.0
wta tour tennis,0.09,Sports,wta tour tennis,58.0
wtf: work time fun,0.04,Puzzle,wtf: work time fun,63.0
wwe '12,2.79,Fighting,wwe '12,71.5
wwe '13,2.77,Sports,wwe '13,77.0
wwe 2k14,2.3200000000000003,Fighting,wwe 2k14,74.5
wwe 2k15,3.21,Sports,wwe 2k15,62.0
wwe 2k16,2.94,Sports,wwe 2k16,72.5
wwe 2k17,2.46,Sports,wwe 2k17,68.5
wwe 2k18,2.22,Sports,wwe 2k18,66.5
wwe 2k19,1.46,Fighting,wwe 2k19,76.5
wwe all stars,1.47,Fighting,wwe all stars,72.25
wwe crush hour,0.43,Racing,wwe crush hour,55.5
wwe day of reckoning,0.45,Fighting,wwe day of reckoning,79.0
wwe day of reckoning 2,0.34,Fighting,wwe day of reckoning 2,76.0
wwe raw 2,0.56,Fighting,wwe raw 2,68.0
wwe road to wrestlemania x8,0.27,Fighting,wwe road to wrestlemania x8,73.0
wwe smackdown vs. raw 2007,3.74,Fighting,wwe smackdown vs. raw 2007,79.66666666666667
wwe smackdown vs. raw 2009,4.86,Sports,wwe smackdown vs. raw 2009,74.0
wwe smackdown vs. raw 2010,5.15,Fighting,wwe smackdown vs. raw 2010,78.5
wwe smackdown vs. raw 2011,3.5100000000000002,Fighting,wwe smackdown vs. raw 2011,73.66666666666667
wwe smackdown! shut your mouth,2.66,Fighting,wwe smackdown! shut your mouth,82.0
wwe smackdown! vs. raw,2.83,Fighting,wwe smackdown! vs. raw,80.0
wwe smackdown! vs. raw 2006,6.34,Fighting,wwe smackdown! vs. raw 2006,82.5
wwe survivor series,0.13,Fighting,wwe survivor series,55.0
wwe wrestlemania 21,0.45,Fighting,wwe wrestlemania 21,56.0
wwe wrestlemania x8,0.49,Fighting,wwe wrestlemania x8,64.0
wwe wrestlemania xix,0.33,Fighting,wwe wrestlemania xix,76.0
wwf no mercy,1.5,Fighting,wwf no mercy,89.0
wwf smackdown! 2: know your role,3.2,Fighting,wwf smackdown! 2: know your role,90.0
wwf smackdown! just bring it,2.79,Fighting,wwf smackdown! just bring it,76.0
wwii aces,0.29,Simulation,wwii aces,41.0
x rebirth,0.08,Simulation,x rebirth,33.0
x-blades,0.28,Action,x-blades,51.333333333333336
x-men legends,3.36,Role-Playing,x-men legends,80.66666666666667
x-men legends ii: rise of apocalypse,1.6199999999999999,Role-Playing,x-men legends ii: rise of apocalypse,82.4
x-men origins: wolverine,0.8300000000000001,Action,x-men origins: wolverine,66.6
x-men: destiny,0.64,Action,x-men: destiny,44.333333333333336
x-men: mutant academy 2,0.72,Fighting,x-men: mutant academy 2,72.0
x-men: next dimension,0.71,Fighting,x-men: next dimension,60.0
x-men: reign of apocalypse,0.28,Action,x-men: reign of apocalypse,61.0
x-men: the official game,1.01,Action,x-men: the official game,52.0
x2: the threat,0.0,Simulation,x2: the threat,72.0
x2: wolverine's revenge,1.17,Action,x2: wolverine's revenge,61.0
x3: reunion,0.0,Strategy,x3: reunion,71.0
xbox music mixer,0.35,Misc,xbox music mixer,49.0
xcom 2,0.81,Strategy,xcom 2,87.33333333333333
xcom: enemy unknown,1.94,Strategy,xcom: enemy unknown,89.33333333333333
xenoblade chronicles,1.48,Role-Playing,xenoblade chronicles,92.0
xenoblade chronicles 2: torna ~ the golden country,0.16,Role-Playing,xenoblade chronicles 2: torna ~ the golden country,80.0
xenoblade chronicles x,0.84,Role-Playing,xenoblade chronicles x,84.0
xg blast!,0.0,Shooter,xg blast!,68.0
xgiii: extreme g racing,0.42000000000000004,Racing,xgiii: extreme g racing,82.0
xiaolin showdown,0.11,Action,xiaolin showdown,46.666666666666664
xiii,0.9099999999999999,Shooter,xiii,73.0
xxx,0.11,Action,xxx,50.0
xyanide,0.0,Shooter,xyanide,70.0
yager,0.05,Shooter,yager,70.0
yaiba: ninja gaiden z,0.14,Misc,yaiba: ninja gaiden z,47.333333333333336
yakuza 3,0.05,Action-Adventure,yakuza 3,79.0
yakuza kiwami,0.5800000000000001,Adventure,yakuza kiwami,80.0
yanya caballista: city skater,0.05,Sports,yanya caballista: city skater,58.0
yggdra union: we'll never fight alone,0.13,Role-Playing,yggdra union: we'll never fight alone,73.0
yoku's island express,0.04,Action,yoku's island express,83.0
yomawari: midnight shadows,0.09,Action,yomawari: midnight shadows,77.0
yomawari: the long night collection,0.05,Action-Adventure,yomawari: the long night collection,73.0
yonder: the cloud catcher chronicles,0.07,Action,yonder: the cloud catcher chronicles,71.5
yooka-laylee,0.39,Platform,yooka-laylee,72.25
yoshi topsy-turvy,0.65,Platform,yoshi topsy-turvy,60.0
yoshi touch & go,0.38,Platform,yoshi touch & go,73.0
you don't know jack,1.11,Misc,you don't know jack,82.0
you're in the movies,0.48,Misc,you're in the movies,55.0
ys i & ii chronicles,0.09,Role-Playing,ys i & ii chronicles,63.0
ys seven,0.23,Role-Playing,ys seven,79.5
ys viii: lacrimosa of dana,0.46,Role-Playing,ys viii: lacrimosa of dana,83.5
ys: memories of celceta,0.25,Role-Playing,ys: memories of celceta,77.0
ys: the ark of napishtim,0.18,Role-Playing,ys: the ark of napishtim,68.0
ys: the oath in felghana,0.15,Role-Playing,ys: the oath in felghana,76.5
yu yu hakusho: dark tournament,0.21,Fighting,yu yu hakusho: dark tournament,56.0
yu-gi-oh! 5d's stardust accelerator: world championship 2009,0.4,Action,yu-gi-oh! 5d's stardust accelerator: world championship 2009,73.0
yu-gi-oh! 7 trials to glory: world championship tournament 2005,0.42,Misc,yu-gi-oh! 7 trials to glory: world championship tournament 2005,66.0
yu-gi-oh! capsule monster coliseum,0.44,Misc,yu-gi-oh! capsule monster coliseum,62.0
yu-gi-oh! dungeon dice monsters,0.74,Misc,yu-gi-oh! dungeon dice monsters,67.0
yu-gi-oh! reshef of destruction,0.56,Strategy,yu-gi-oh! reshef of destruction,61.0
yu-gi-oh! the dawn of destiny,0.31,Strategy,yu-gi-oh! the dawn of destiny,53.0
yu-gi-oh! the falsebound kingdom,0.71,Strategy,yu-gi-oh! the falsebound kingdom,44.0
yu-gi-oh! the sacred cards,1.3,Role-Playing,yu-gi-oh! the sacred cards,60.0
yu-gi-oh! world championship 2007,0.05,Strategy,yu-gi-oh! world championship 2007,76.0
yu-gi-oh! world championship tournament 2004,0.56,Misc,yu-gi-oh! world championship tournament 2004,68.0
z.h.p. unlosing ranger vs darkdeath evilman,0.15,Role-Playing,z.h.p. unlosing ranger vs darkdeath evilman,81.0
zack & wiki: quest for barbaros' treasure,0.42,Adventure,zack & wiki: quest for barbaros' treasure,87.0
zanki zero: last beginning,0.06,Role-Playing,zanki zero: last beginning,72.0
zapper: one wicked cricket!,0.48000000000000004,Platform,zapper: one wicked cricket!,58.0
zatch bell! mamodo battles,0.14,Fighting,zatch bell! mamodo battles,56.5
zatch bell! mamodo fury,0.05,Fighting,zatch bell! mamodo fury,40.0
zathura,0.13999999999999999,Adventure,zathura,45.5
zendoku,0.06,Puzzle,zendoku,68.0
zero escape: virtue's last reward,0.03,Visual Novel,zero escape: virtue's last reward,86.0
zero escape: zero time dilemma,0.26,Adventure,zero escape: zero time dilemma,80.5
ziggurat,0.02,Shooter,ziggurat,80.0
zoids assault,0.09,Strategy,zoids assault,46.0
zombi,0.08,Action,zombi,69.33333333333333
zombie army trilogy,0.33999999999999997,Shooter,zombie army trilogy,66.5
zombie vikings,0.01,Action,zombie vikings,64.0
zombiu,0.84,Action,zombiu,77.0
zone of the enders,0.75,Simulation,zone of the enders,78.0
zone of the enders hd collection,0.6,Action,zone of the enders hd collection,74.0
zone of the enders: the 2nd runner,0.41,Simulation,zone of the enders: the 2nd runner,82.0
zone of the enders: the 2nd runner mars,0.1,Simulation,zone of the enders: the 2nd runner mars,71.0
zone of the enders: the fist of mars,0.06,Role-Playing,zone of the enders: the fist of mars,71.0
zoo empire,0.0,Simulation,zoo empire,59.0
zoo keeper,0.17,Puzzle,zoo keeper,74.0
zoo tycoon 2,0.06,Strategy,zoo tycoon 2,72.0
zoo tycoon 2 ds,0.29,Strategy,zoo tycoon 2 ds,60.0
zoo tycoon 2: endangered species,0.0,Strategy,zoo tycoon 2: endangered species,64.0
zoo tycoon ds,0.98,Strategy,zoo tycoon ds,44.0
zoocube,0.07,Puzzle,zoocube,69.0
zubo,0.11,Misc,zubo,75.0
zuma's revenge!,0.01,Puzzle,zuma's revenge!,77.0
zumba fitness rush,0.18,Music,zumba fitness rush,73.0
